,YouTube_Address
0,https://www.youtube.com/watch?v=BP9nATW3y_M
1,https://www.youtube.com/watch?v=MQTVDGOiWBY
2,https://www.youtube.com/watch?v=vvn1WUgqxqM
3,https://www.youtube.com/watch?v=70V9TIYvqrw
4,https://www.youtube.com/watch?v=pQWEgpNwY2w
5,https://www.youtube.com/watch?v=DQ-SShCGVzs
6,https://www.youtube.com/watch?v=Znd4k64JRFc
7,https://www.youtube.com/watch?v=9DxwgIKVSHY
8,https://www.youtube.com/watch?v=m51Dtppb2h0
9,https://www.youtube.com/watch?v=_cC2PoOJHQc
10,https://www.youtube.com/watch?v=UGt3u0htTmk
11,https://www.youtube.com/watch?v=sqnm014vB1Q
12,https://www.youtube.com/watch?v=fWUzSMzSAU0
13,https://www.youtube.com/watch?v=861Ee7Sq_6c
14,https://www.youtube.com/watch?v=x9GNBKwiNbo
15,https://www.youtube.com/watch?v=fyiD665JJKs
16,https://www.youtube.com/watch?v=uYba7Jb31Gc
17,https://www.youtube.com/watch?v=fDlkOl3CJT4
18,https://www.youtube.com/watch?v=0cAARcrDzL8
19,https://www.youtube.com/watch?v=XX5Uf4ywtnQ
20,https://www.youtube.com/watch?v=jjuYaIgh4IQ
21,https://www.youtube.com/watch?v=U_rQ2SRMfyU
22,https://www.youtube.com/watch?v=eOYbpNhblfs
23,https://www.youtube.com/watch?v=Cm7QHFEToVY
24,https://www.youtube.com/watch?v=16d3rnNlNUU
25,https://www.youtube.com/watch?v=nV3-KKEZnD4
26,https://www.youtube.com/watch?v=pCCi2C8NwQg
27,https://www.youtube.com/watch?v=bRD09ndyJNs
28,https://www.youtube.com/watch?v=SUhM5SOYcd4
29,https://www.youtube.com/watch?v=o_6C27I5yeA
30,https://www.youtube.com/watch?v=OzncNhhvhUM
31,https://www.youtube.com/watch?v=CcsYtVhOEgE
32,https://www.youtube.com/watch?v=I97ujqDlhks
33,https://www.youtube.com/watch?v=CoLBwUnB6e0
34,https://www.youtube.com/watch?v=GqsMHBnk5Po
35,https://www.youtube.com/watch?v=TSKgf5g8pXc
36,https://www.youtube.com/watch?v=-PoY7D4qY4k
37,https://www.youtube.com/watch?v=7KYSvl82V5o
38,https://www.youtube.com/watch?v=Tx1zCnlc0_g
39,https://www.youtube.com/watch?v=wndOSi3i5OY
40,https://www.youtube.com/watch?v=9dAnPoFV80c
41,https://www.youtube.com/watch?v=Hg4ahTQlBm0
42,https://www.youtube.com/watch?v=ZExin7j8ysE
43,https://www.youtube.com/watch?v=nbY0KoT54uE
44,https://www.youtube.com/watch?v=YY-ugAHPu4M
45,https://www.youtube.com/watch?v=xK_07cqKwMk
46,https://www.youtube.com/watch?v=8DUpkhqZixM
47,https://www.youtube.com/watch?v=XxbREBXEbVw
48,https://www.youtube.com/watch?v=27cb3U4Rwt4
49,https://www.youtube.com/watch?v=3PO-erAP6R4
50,https://www.youtube.com/watch?v=k1IJ5m4KCYA
51,https://www.youtube.com/watch?v=QjYyp0FdxAU
52,https://www.youtube.com/watch?v=n45nX-ht3LM
53,https://www.youtube.com/watch?v=NUlMpauxgWI
54,https://www.youtube.com/watch?v=p_iFbiXQoX4
55,https://www.youtube.com/watch?v=n5mo4bqBEPY
56,https://www.youtube.com/watch?v=PE8rjqWl3F8
57,https://www.youtube.com/watch?v=NLhIRHVBFOo
58,https://www.youtube.com/watch?v=gky6ORe7tUk
59,https://www.youtube.com/watch?v=9DDdFKVvZQc
60,https://www.youtube.com/watch?v=xBFmwmMhKEo
61,https://www.youtube.com/watch?v=x7_NgeWGqG8
62,https://www.youtube.com/watch?v=G07yaaIrpTQ
63,https://www.youtube.com/watch?v=Pk2tLfxwiD8
64,https://www.youtube.com/watch?v=djMsdSxvd2E
65,https://www.youtube.com/watch?v=4GzXRuzgV1w
66,https://www.youtube.com/watch?v=e3svI7dHIbY
67,https://www.youtube.com/watch?v=cvHpkGkbTZo
68,https://www.youtube.com/watch?v=u0yEI-xU2t4
69,https://www.youtube.com/watch?v=mMkXnmueasA
70,https://www.youtube.com/watch?v=gV_rdZw5bDs
71,https://www.youtube.com/watch?v=TTQmULACfEw
72,https://www.youtube.com/watch?v=w-PwMyzokSw
73,https://www.youtube.com/watch?v=H5oeKGLHZwM
74,https://www.youtube.com/watch?v=F-Bg8t6ZoQI
75,https://www.youtube.com/watch?v=F_rJl5OHiaQ
76,https://www.youtube.com/watch?v=zK_8wYNyAec
77,https://www.youtube.com/watch?v=1-EZdN8TAvY
78,https://www.youtube.com/watch?v=zHtJ_qNKA-Q
79,https://www.youtube.com/watch?v=QOu5VAsCAoA
80,https://www.youtube.com/watch?v=Smwr1U1xUQs
81,https://www.youtube.com/watch?v=lOaCpTSNOmc
82,https://www.youtube.com/watch?v=qUXoWxDy5LI
83,https://www.youtube.com/watch?v=yIzyvbwtDsg
84,https://www.youtube.com/watch?v=As2UBg56b3o
85,https://www.youtube.com/watch?v=D_2nM8mrGKc
86,https://www.youtube.com/watch?v=uQHIs7dUY8k
87,https://www.youtube.com/watch?v=LjelC1WVVxI
88,https://www.youtube.com/watch?v=nBrI1QQx9IA
89,https://www.youtube.com/watch?v=gim-6S0JrxM
90,https://www.youtube.com/watch?v=UuGrblKXnGE
91,https://www.youtube.com/watch?v=NUuI9NkOfZo
92,https://www.youtube.com/watch?v=42Ra42e1A3Q
93,https://www.youtube.com/watch?v=xK7K-4Te8Bs
94,https://www.youtube.com/watch?v=6BMCXFii4Po
95,https://www.youtube.com/watch?v=2UlnCZV96iI
96,https://www.youtube.com/watch?v=WwTxlyjY35I
97,https://www.youtube.com/watch?v=dS1wdipcL1o
98,https://www.youtube.com/watch?v=aHxBMUq511c
99,https://www.youtube.com/watch?v=9ZXuof23Noo
100,https://www.youtube.com/watch?v=vLg8wzxTj0w
101,https://www.youtube.com/watch?v=SoU-hrfZ14c
102,https://www.youtube.com/watch?v=9KWHuPOL1PI
103,https://www.youtube.com/watch?v=-1a-PT_qxzY
104,https://www.youtube.com/watch?v=q8CxkX2MYhE
105,https://www.youtube.com/watch?v=v-JdvAfRWtQ
106,https://www.youtube.com/watch?v=UaMTkqBl7ws
107,https://www.youtube.com/watch?v=laAOQLKWy0o
108,https://www.youtube.com/watch?v=TU3xpczmHI0
109,https://www.youtube.com/watch?v=ghOGAgth4sI
110,https://www.youtube.com/watch?v=2X4ZZGjOtXo
111,https://www.youtube.com/watch?v=KbMHtm3y6PI
112,https://www.youtube.com/watch?v=9zk5hcHV3-I
113,https://www.youtube.com/watch?v=5O7wEUrBSLY
114,https://www.youtube.com/watch?v=tQCjf5a7G6E
115,https://www.youtube.com/watch?v=ZR0-fkyMaiw
116,https://www.youtube.com/watch?v=CKMBh3m3UVY
117,https://www.youtube.com/watch?v=Z_4BplzwqkU
118,https://www.youtube.com/watch?v=o-thc4SVDFg
119,https://www.youtube.com/watch?v=oUg-ogCEXZk
120,https://www.youtube.com/watch?v=m7kg33OsI_A
121,https://www.youtube.com/watch?v=cjLazBCDtJU
122,https://www.youtube.com/watch?v=uZszZA5Yjag
123,https://www.youtube.com/watch?v=UWNLY-iPd-0
124,https://www.youtube.com/watch?v=ozBLJv84QWM
125,https://www.youtube.com/watch?v=xEaC6ArmSlw
126,https://www.youtube.com/watch?v=Z4XZgsbaD9c
127,https://www.youtube.com/watch?v=j7lmT6VySXQ
128,https://www.youtube.com/watch?v=hSttMcYxdKQ
129,https://www.youtube.com/watch?v=NS3xEFR1jCA
130,https://www.youtube.com/watch?v=IJBTdWig564
131,https://www.youtube.com/watch?v=9CEpvcCBuvc
132,https://www.youtube.com/watch?v=T672sycsMYs
133,https://www.youtube.com/watch?v=T3uGVrrMeTo
134,https://www.youtube.com/watch?v=ZYIasTOhLtI
135,https://www.youtube.com/watch?v=A6uTdDs6E-E
136,https://www.youtube.com/watch?v=otCRuINPUak
137,https://www.youtube.com/watch?v=1DBFZJZnxW8
138,https://www.youtube.com/watch?v=Vabbf-Mn9q0
139,https://www.youtube.com/watch?v=ri7V-RWj2AU
140,https://www.youtube.com/watch?v=-DNmqP69ZTs
141,https://www.youtube.com/watch?v=8mwfT-q7Tho
142,https://www.youtube.com/watch?v=jJbMW5SMNGI
143,https://www.youtube.com/watch?v=CvMhjFh71dY
144,https://www.youtube.com/watch?v=0r4fwxd5tKU
145,https://www.youtube.com/watch?v=tTCDlTWvcr8
146,https://www.youtube.com/watch?v=9c9WWDMskXQ
147,https://www.youtube.com/watch?v=JXU7TxC_ExI
148,https://www.youtube.com/watch?v=SXgKJOF55uY
149,https://www.youtube.com/watch?v=Exg7_dJUpTY
150,https://www.youtube.com/watch?v=Aurp3eztRHM
151,https://www.youtube.com/watch?v=KOQscf3hsAk
152,https://www.youtube.com/watch?v=7sPfkgjJhWg
153,https://www.youtube.com/watch?v=S32Mx5RG1FA
154,https://www.youtube.com/watch?v=Z3mhidWSOBA
155,https://www.youtube.com/watch?v=2F-xx4LcTng
156,https://www.youtube.com/watch?v=9vbdS5n_ccs
157,https://www.youtube.com/watch?v=kSH4eqNARAw
158,https://www.youtube.com/watch?v=hfCL-d0qELc
159,https://www.youtube.com/watch?v=t52Q9wbwuFA
160,https://www.youtube.com/watch?v=FoHAyBhcH4s
161,https://www.youtube.com/watch?v=-6lr-GtsoLk
162,https://www.youtube.com/watch?v=QGHOdI9p0l0
163,https://www.youtube.com/watch?v=iUwgYn-J_E0
164,https://www.youtube.com/watch?v=WkBvW9lWYK8
165,https://www.youtube.com/watch?v=0nLjUgd7SWA
166,https://www.youtube.com/watch?v=7x9WMLrFhtc
167,https://www.youtube.com/watch?v=6bpRBNR0TzA
168,https://www.youtube.com/watch?v=1Kt9LsrBDys
169,https://www.youtube.com/watch?v=Fak787Cr9QE
170,https://www.youtube.com/watch?v=n2Bc9MSLsUs
171,https://www.youtube.com/watch?v=X9izvIMlvk0
172,https://www.youtube.com/watch?v=d1YvtXB1eK0
173,https://www.youtube.com/watch?v=rp_MxJXvK60
174,https://www.youtube.com/watch?v=kKlUz_Vt1MM
175,https://www.youtube.com/watch?v=z1DFg74z3WI
176,https://www.youtube.com/watch?v=Eg2m0hHGu7M
177,https://www.youtube.com/watch?v=AYAinr0KJGw
178,https://www.youtube.com/watch?v=rPlYywoN1EE
179,https://www.youtube.com/watch?v=PSrrVOjnijA
180,https://www.youtube.com/watch?v=bxuozmbPCWI
181,https://www.youtube.com/watch?v=WrWbGml-7x8
182,https://www.youtube.com/watch?v=UKvjYZ2kiNY
183,https://www.youtube.com/watch?v=DWINSvRxIbw
184,https://www.youtube.com/watch?v=nBVr-cSrOsY
185,https://www.youtube.com/watch?v=dNiR_sBdaBM
186,https://www.youtube.com/watch?v=Azd1BIwtxkk
187,https://www.youtube.com/watch?v=jCNRSjrPgkM
188,https://www.youtube.com/watch?v=xHoYIqEUhcQ
189,https://www.youtube.com/watch?v=uPYDtfNjzWA
190,https://www.youtube.com/watch?v=Wwm8KBkGCrc
191,https://www.youtube.com/watch?v=cSdr0UyvyB8
192,https://www.youtube.com/watch?v=WTqehCkWolk
193,https://www.youtube.com/watch?v=5-j0xiVAeoM
194,https://www.youtube.com/watch?v=IMAQCmxCn28
195,https://www.youtube.com/watch?v=M08CI6E6nAk
196,https://www.youtube.com/watch?v=tybfzH-JrdI
197,https://www.youtube.com/watch?v=wqNyCBo8-Y0
198,https://www.youtube.com/watch?v=A_JhDRlMlzk
199,https://www.youtube.com/watch?v=czqOp6SPd-8
200,https://www.youtube.com/watch?v=n6uBUAGbLlA
201,https://www.youtube.com/watch?v=zyONU593CIE
202,https://www.youtube.com/watch?v=WZ8LcpJV7gw
203,https://www.youtube.com/watch?v=k1f9dhK7wg4
204,https://www.youtube.com/watch?v=i5wPuuwCMQY
205,https://www.youtube.com/watch?v=t9a9ypM_Vx0
206,https://www.youtube.com/watch?v=IniKWdap8nE
207,https://www.youtube.com/watch?v=s_kp0RTTgXU
208,https://www.youtube.com/watch?v=JocoCwWwKCk
209,https://www.youtube.com/watch?v=9S7dsy8luLo
210,https://www.youtube.com/watch?v=Ea22jAUw0Go
211,https://www.youtube.com/watch?v=LwMuQXOm3zo
212,https://www.youtube.com/watch?v=u_FiRMG-jYw
213,https://www.youtube.com/watch?v=pV2Zc-C9Yxg
214,https://www.youtube.com/watch?v=LmIupHl_lws
215,https://www.youtube.com/watch?v=3yAwtiQWV78
216,https://www.youtube.com/watch?v=EfD2qa16bHM
217,https://www.youtube.com/watch?v=Qlw2vgKCdWg
218,https://www.youtube.com/watch?v=RvlYf8bFNXY
219,https://www.youtube.com/watch?v=ZzumgpW9OtY
220,https://www.youtube.com/watch?v=dFgkXxoSwWo
221,https://www.youtube.com/watch?v=gxa-cuWAd10
222,https://www.youtube.com/watch?v=lQVkOiexazo
223,https://www.youtube.com/watch?v=jilGjRLuKYE
224,https://www.youtube.com/watch?v=-j9dYFifQe0
225,https://www.youtube.com/watch?v=76MWt8uugAg
226,https://www.youtube.com/watch?v=7hx56qtf80Q
227,https://www.youtube.com/watch?v=IMeZ66ZI_kM
228,https://www.youtube.com/watch?v=M_PbbMVg4ME
229,https://www.youtube.com/watch?v=jumQ5NtMCug
230,https://www.youtube.com/watch?v=ob4dmq0FdTM
231,https://www.youtube.com/watch?v=q5061JL5LaU
232,https://www.youtube.com/watch?v=QBbn-nOano0
233,https://www.youtube.com/watch?v=27PMDtlSP4w
234,https://www.youtube.com/watch?v=s_M7xLuJAX8
235,https://www.youtube.com/watch?v=JribnCZ8r2A
236,https://www.youtube.com/watch?v=Rn_hj0oMGgE
237,https://www.youtube.com/watch?v=e8Q0OJmMogo
238,https://www.youtube.com/watch?v=i829AD3_wFU
239,https://www.youtube.com/watch?v=r8rvWrTfmE4
240,https://www.youtube.com/watch?v=22qstAxlWMI
241,https://www.youtube.com/watch?v=CHcNy5gEtLg
242,https://www.youtube.com/watch?v=D2MYIIjEuv4
243,https://www.youtube.com/watch?v=Q-22VJFl6Nc
244,https://www.youtube.com/watch?v=aIIAM0OHsjc
245,https://www.youtube.com/watch?v=mwQ9xmijhS8
246,https://www.youtube.com/watch?v=was1ZwxLFg8
247,https://www.youtube.com/watch?v=z4WqwAt6mwI
248,https://www.youtube.com/watch?v=zeVaiAUCZ60
249,https://www.youtube.com/watch?v=Wj8E9omPzro
250,https://www.youtube.com/watch?v=W4sz-yBBNlc
251,https://www.youtube.com/watch?v=gMYu6OaGUOc
252,https://www.youtube.com/watch?v=e9k-I_CQ9Z8
253,https://www.youtube.com/watch?v=LmL3YiEvMY4
254,https://www.youtube.com/watch?v=P9IODNNlpMc
255,https://www.youtube.com/watch?v=TCQoTpi3JJs
256,https://www.youtube.com/watch?v=YG_l-gchFXs
257,https://www.youtube.com/watch?v=YXRen3-bHwM
258,https://www.youtube.com/watch?v=cTVoCTwLcc8
259,https://www.youtube.com/watch?v=nd-G04HIDo4
260,https://www.youtube.com/watch?v=rPnOuZ_YZj8
261,https://www.youtube.com/watch?v=x_d_mjk1RHw
262,https://www.youtube.com/watch?v=JrBOvdVkjU4
263,https://www.youtube.com/watch?v=0DhtxRCPQRo
264,https://www.youtube.com/watch?v=4lW2QBwZLrI
265,https://www.youtube.com/watch?v=5V8EWZhw6-U
266,https://www.youtube.com/watch?v=8nSFC7Z06P0
267,https://www.youtube.com/watch?v=VD6EUvp2SfM
268,https://www.youtube.com/watch?v=YKrs3Hj90Fw
269,https://www.youtube.com/watch?v=5SI0R524Hh8
270,https://www.youtube.com/watch?v=DmLeuWokH6o
271,https://www.youtube.com/watch?v=saerwmnZolQ
272,https://www.youtube.com/watch?v=CkFoOAtk3UU
273,https://www.youtube.com/watch?v=7JfXoubUv3Q
274,https://www.youtube.com/watch?v=rucTB_ie7a0
275,https://www.youtube.com/watch?v=Uh-ZwrY27s0
276,https://www.youtube.com/watch?v=yI3PYW-MVvQ
277,https://www.youtube.com/watch?v=Vrc5vHykP4M
278,https://www.youtube.com/watch?v=b_OCa3oNGzM
279,https://www.youtube.com/watch?v=m06QhNqvfMk
280,https://www.youtube.com/watch?v=m0EpQSz1cNc
281,https://www.youtube.com/watch?v=nfi3tGyigUM
282,https://www.youtube.com/watch?v=Fh-alMQ7h_U
283,https://www.youtube.com/watch?v=Zv-XTQ68fEw
284,https://www.youtube.com/watch?v=yHcEg0TXo3A
285,https://www.youtube.com/watch?v=QpMHT83aN5U
286,https://www.youtube.com/watch?v=VyYdc3Na2TE
287,https://www.youtube.com/watch?v=Lr546srSihM
288,https://www.youtube.com/watch?v=ALxxfKC0HsE
289,https://www.youtube.com/watch?v=DZlyza-6AQM
290,https://www.youtube.com/watch?v=SWpU8DVlo8g
291,https://www.youtube.com/watch?v=h949rKQCr_I
292,https://www.youtube.com/watch?v=8dXe5kVbQvQ
293,https://www.youtube.com/watch?v=SA12Z714Il8
294,https://www.youtube.com/watch?v=H0Q-TEbIQDQ
295,https://www.youtube.com/watch?v=bTE2Ngcx9vU
296,https://www.youtube.com/watch?v=lVwO4Pl3VTo
297,https://www.youtube.com/watch?v=WA6b7EFbN8I
298,https://www.youtube.com/watch?v=y0YTLcyQXiY
299,https://www.youtube.com/watch?v=Q00XiPkgguU
300,https://www.youtube.com/watch?v=48Ug1xA09Uk
301,https://www.youtube.com/watch?v=i9CR1Kb5Ey4
302,https://www.youtube.com/watch?v=SyE-trGZnPU
303,https://www.youtube.com/watch?v=-fs8ozxKklQ
304,https://www.youtube.com/watch?v=mqJRTnCNI_E
305,https://www.youtube.com/watch?v=uXE1HBJrbE0
306,https://www.youtube.com/watch?v=ZE271ekKnUQ
307,https://www.youtube.com/watch?v=DKziks5jQvc
308,https://www.youtube.com/watch?v=Qxx_AwqyJwg
309,https://www.youtube.com/watch?v=YBsyj-m7Db4
310,https://www.youtube.com/watch?v=6vblSC1kShI
311,https://www.youtube.com/watch?v=FYLjyMZn51s
312,https://www.youtube.com/watch?v=8-1YMSTXwvs
313,https://www.youtube.com/watch?v=Sndxf_nQQoc
314,https://www.youtube.com/watch?v=h8q1mU0HqVc
315,https://www.youtube.com/watch?v=NOaI9y6fwkg
316,https://www.youtube.com/watch?v=PcKk0F_q4dg
317,https://www.youtube.com/watch?v=c66u_wsPz-U
318,https://www.youtube.com/watch?v=cfwrj-2wCD8
319,https://www.youtube.com/watch?v=grXbmdm4rxs
320,https://www.youtube.com/watch?v=jmTZAFF69BY
321,https://www.youtube.com/watch?v=8uXLEG3qOIs
322,https://www.youtube.com/watch?v=14l01K18Ako
323,https://www.youtube.com/watch?v=hCMv4UJo--4
324,https://www.youtube.com/watch?v=pCGAJnYuHIY
325,https://www.youtube.com/watch?v=_2XAA7PcgTE
326,https://www.youtube.com/watch?v=JQwboNTFFLc
327,https://www.youtube.com/watch?v=rh83FMvQV2U
328,https://www.youtube.com/watch?v=9Egur_z4abI
329,https://www.youtube.com/watch?v=22l165WHl4Q
330,https://www.youtube.com/watch?v=c2qkJ0lTEaI
331,https://www.youtube.com/watch?v=P6hXgvcuspg
332,https://www.youtube.com/watch?v=89Jk5dEXJIk
333,https://www.youtube.com/watch?v=gNWEL3-E-j4
334,https://www.youtube.com/watch?v=9Fhcgxka0T4
335,https://www.youtube.com/watch?v=oG9InPntehQ
336,https://www.youtube.com/watch?v=nG62SzxOBJc
337,https://www.youtube.com/watch?v=ufj7wYqHMcw
338,https://www.youtube.com/watch?v=To6PgVvtok8
339,https://www.youtube.com/watch?v=SPt7CDxOOa0
340,https://www.youtube.com/watch?v=5DZfOLspVDM
341,https://www.youtube.com/watch?v=2oMqZUX1vZs
342,https://www.youtube.com/watch?v=H00eJPq2nDw
343,https://www.youtube.com/watch?v=UiBSVahMWAM
344,https://www.youtube.com/watch?v=h9Q1FpSQsg8
345,https://www.youtube.com/watch?v=isCriRgnFDk
346,https://www.youtube.com/watch?v=_XMdDM9FojY
347,https://www.youtube.com/watch?v=2MsAdy7S0ok
348,https://www.youtube.com/watch?v=DAlWoamQ41Q
349,https://www.youtube.com/watch?v=HwetrY62ZbU
350,https://www.youtube.com/watch?v=eqJUopSuvVc
351,https://www.youtube.com/watch?v=9mQu60EUIPE
352,https://www.youtube.com/watch?v=iy0Ng84N6Vg
353,https://www.youtube.com/watch?v=BmE-vCg0E3A
354,https://www.youtube.com/watch?v=XYHR4nTUkbU
355,https://www.youtube.com/watch?v=nVuGPePq8So
356,https://www.youtube.com/watch?v=DQmRhSqZuyU
357,https://www.youtube.com/watch?v=KodbXvM3f6A
358,https://www.youtube.com/watch?v=Xo_2xUijD4Y
359,https://www.youtube.com/watch?v=Ki56GhoKrMM
360,https://www.youtube.com/watch?v=nfzYzlzKyEk
361,https://www.youtube.com/watch?v=h028r05pB8w
362,https://www.youtube.com/watch?v=SW306-p25HA
363,https://www.youtube.com/watch?v=Ww-J1yLsPaI
364,https://www.youtube.com/watch?v=yjGVoB-badM
365,https://www.youtube.com/watch?v=Vu5UQoRuvdM
366,https://www.youtube.com/watch?v=uXxBCsuyd6I
367,https://www.youtube.com/watch?v=CGtV8X0tVig
368,https://www.youtube.com/watch?v=Wwa0QKitp-Q
369,https://www.youtube.com/watch?v=k8leU1HnwIQ
370,https://www.youtube.com/watch?v=OjikNJka2xw
371,https://www.youtube.com/watch?v=94k0oiifkqs
372,https://www.youtube.com/watch?v=J8lnpWo7zHM
373,https://www.youtube.com/watch?v=vddog8o8VaI
374,https://www.youtube.com/watch?v=YVaj2LEqDn0
375,https://www.youtube.com/watch?v=naRtEnMev18
376,https://www.youtube.com/watch?v=lDjHsZYMC-M
377,https://www.youtube.com/watch?v=Zu5bnZajRrU
378,https://www.youtube.com/watch?v=NYYRmLmlO2M
379,https://www.youtube.com/watch?v=RTDKUN4pthA
380,https://www.youtube.com/watch?v=y__DC8Lo6TU
381,https://www.youtube.com/watch?v=5c1fHO-AnBg
382,https://www.youtube.com/watch?v=C99EXfKNE9w
383,https://www.youtube.com/watch?v=ZYyKXzqh__Y
384,https://www.youtube.com/watch?v=YSrkza8HY00
385,https://www.youtube.com/watch?v=OKSB8tV5xas
386,https://www.youtube.com/watch?v=Kb6ZiXuq2eE
387,https://www.youtube.com/watch?v=tg3mO3RGw6Q
388,https://www.youtube.com/watch?v=SQhMCw9zn8M
389,https://www.youtube.com/watch?v=FVCFmSIsYic
390,https://www.youtube.com/watch?v=iCrdR86AorU
391,https://www.youtube.com/watch?v=KorJI9fIzUU
392,https://www.youtube.com/watch?v=Mwf3IZWvktI
393,https://www.youtube.com/watch?v=Ei-pYtYS6UY
394,https://www.youtube.com/watch?v=Pb_AjKDqCwE
395,https://www.youtube.com/watch?v=hz-eop8j9hg
396,https://www.youtube.com/watch?v=5ysXq15MsOY
397,https://www.youtube.com/watch?v=Ck1zHMqu6M4
398,https://www.youtube.com/watch?v=9uO-I2Mqq8Y
399,https://www.youtube.com/watch?v=-7VOIX7YtB4
400,https://www.youtube.com/watch?v=QIrxsNQ9JEs
401,https://www.youtube.com/watch?v=sUEWaxU6AaM
402,https://www.youtube.com/watch?v=mElVtSx1960
403,https://www.youtube.com/watch?v=SFPTXrNQhCE
404,https://www.youtube.com/watch?v=5Yvv8rEW3jk
405,https://www.youtube.com/watch?v=Q7W-70Kk9tU
406,https://www.youtube.com/watch?v=DE_9PD8o7kM
407,https://www.youtube.com/watch?v=Y_IygO4MOqc
408,https://www.youtube.com/watch?v=qdBaJyGxGig
409,https://www.youtube.com/watch?v=eCLzMRV6njo
410,https://www.youtube.com/watch?v=Lr3v22gWixc
411,https://www.youtube.com/watch?v=CznrpE2U0FQ
412,https://www.youtube.com/watch?v=aR4bfpamki8
413,https://www.youtube.com/watch?v=xVyM4xAMSk4
414,https://www.youtube.com/watch?v=OmHmavM6oJ0
415,https://www.youtube.com/watch?v=_3Qv5dTkh04
416,https://www.youtube.com/watch?v=R5HNRBZrWCE
417,https://www.youtube.com/watch?v=VBairagcFrI
418,https://www.youtube.com/watch?v=-v2j9gzcWlE
419,https://www.youtube.com/watch?v=Ru40sT2kZ30
420,https://www.youtube.com/watch?v=yZRzxmscRiU
421,https://www.youtube.com/watch?v=W0i-pKxD9CA
422,https://www.youtube.com/watch?v=p7UmGH5TUOc
423,https://www.youtube.com/watch?v=dkNT-A-WwGE
424,https://www.youtube.com/watch?v=EsE8GuZns7M
425,https://www.youtube.com/watch?v=tAsg_chSRx8
426,https://www.youtube.com/watch?v=B4pvvypv-M8
427,https://www.youtube.com/watch?v=qWnwpOJiT04
428,https://www.youtube.com/watch?v=2MaclMuLcBA
429,https://www.youtube.com/watch?v=l08wVTwOBDQ
430,https://www.youtube.com/watch?v=kisaPHH7b8Y
431,https://www.youtube.com/watch?v=ZH2izpeMjCY
432,https://www.youtube.com/watch?v=fpt-OsGOzmo
433,https://www.youtube.com/watch?v=rxNcC-wVK8s
434,https://www.youtube.com/watch?v=KpZkWMw1biw
435,https://www.youtube.com/watch?v=6tSLwlip3Ys
436,https://www.youtube.com/watch?v=0o_oK_0__60
437,https://www.youtube.com/watch?v=XJh4mneRRhY
438,https://www.youtube.com/watch?v=Tz727w5_wRo
439,https://www.youtube.com/watch?v=7v3uL5EQ9ek
440,https://www.youtube.com/watch?v=o7uO2CgXST8
441,https://www.youtube.com/watch?v=nnQFJ6wfnpk
442,https://www.youtube.com/watch?v=hfExfUiILSw
443,https://www.youtube.com/watch?v=yYSBCt2pmCA
444,https://www.youtube.com/watch?v=Yxyj31YoN_0
445,https://www.youtube.com/watch?v=nQ7Bgeomxr4
446,https://www.youtube.com/watch?v=KCQTH-EwO_c
447,https://www.youtube.com/watch?v=2X_lPqVrBS8
448,https://www.youtube.com/watch?v=05Wkg1p34ek
449,https://www.youtube.com/watch?v=YB723cp9jgM
450,https://www.youtube.com/watch?v=fm2BB3YURlA
451,https://www.youtube.com/watch?v=meTeERax0sQ
452,https://www.youtube.com/watch?v=P3-m_DSmi_4
453,https://www.youtube.com/watch?v=zLsXVo7rJvU
454,https://www.youtube.com/watch?v=iCQRiCZ20UQ
455,https://www.youtube.com/watch?v=-PcjPtKgYsI
456,https://www.youtube.com/watch?v=xlHc7B_zN84
457,https://www.youtube.com/watch?v=YbagYvDhMDI
458,https://www.youtube.com/watch?v=lZidMw6vVWY
459,https://www.youtube.com/watch?v=vttQI9b46qc
460,https://www.youtube.com/watch?v=-MhcmKNV6cU
461,https://www.youtube.com/watch?v=NEJ7lPVwJn8
462,https://www.youtube.com/watch?v=CwbvORv2kyI
463,https://www.youtube.com/watch?v=IH_criKV0IU
464,https://www.youtube.com/watch?v=qXpdY-eFj74
465,https://www.youtube.com/watch?v=spmLJ3AHMPY
466,https://www.youtube.com/watch?v=H_EqiTTrje0
467,https://www.youtube.com/watch?v=D3CXhbSmOWo
468,https://www.youtube.com/watch?v=ABXp12tsKj0
469,https://www.youtube.com/watch?v=hUzssVX4Y9I
470,https://www.youtube.com/watch?v=fdPWH4P4V5A
471,https://www.youtube.com/watch?v=atOxXFK42gU
472,https://www.youtube.com/watch?v=XX7Ppc5T0GE
473,https://www.youtube.com/watch?v=pFLxQcus7oc
474,https://www.youtube.com/watch?v=OZaeqcYSdjU
475,https://www.youtube.com/watch?v=ZADwMoBJ6GQ
476,https://www.youtube.com/watch?v=QIPWByLAaCw
477,https://www.youtube.com/watch?v=merEJI_reho
478,https://www.youtube.com/watch?v=DMfolcSkhRs
479,https://www.youtube.com/watch?v=XEPPeg-AH10
480,https://www.youtube.com/watch?v=LmYBF8152F4
481,https://www.youtube.com/watch?v=MBch4CL69vQ
482,https://www.youtube.com/watch?v=L-iL1q3kE5A
483,https://www.youtube.com/watch?v=k9nba8KnGj0
484,https://www.youtube.com/watch?v=Cq6VLVg1cqY
485,https://www.youtube.com/watch?v=w2rsEVbaExc
486,https://www.youtube.com/watch?v=vjZ9M7JpExA
487,https://www.youtube.com/watch?v=bByJQl-RXJk
488,https://www.youtube.com/watch?v=PnR3WTB0ols
489,https://www.youtube.com/watch?v=rwy5S3mRaWo
490,https://www.youtube.com/watch?v=NqFDVkce-to
491,https://www.youtube.com/watch?v=K0N7kXHKa4Y
492,https://www.youtube.com/watch?v=Zkgu7YauOfs
493,https://www.youtube.com/watch?v=W376HV9eyl8
494,https://www.youtube.com/watch?v=TGcvfViqIe0
495,https://www.youtube.com/watch?v=M-dYPbinsd4
496,https://www.youtube.com/watch?v=tMIsI7hkkIU
497,https://www.youtube.com/watch?v=N0TKBJJjnbg
498,https://www.youtube.com/watch?v=IUMZyxILwvs
499,https://www.youtube.com/watch?v=K3aoiOd3_yc
500,https://www.youtube.com/watch?v=jIPLV_YEngs
501,https://www.youtube.com/watch?v=nKApOdFmGLc
502,https://www.youtube.com/watch?v=9SvTyCoapuo
503,https://www.youtube.com/watch?v=UjxEosfOhAc
504,https://www.youtube.com/watch?v=TO00ELu_uJI
505,https://www.youtube.com/watch?v=FRZIZUnyHzU
506,https://www.youtube.com/watch?v=lSjbiqvLFCI
507,https://www.youtube.com/watch?v=7yS2e4p0_H4
508,https://www.youtube.com/watch?v=IMUiZUgiFwE
509,https://www.youtube.com/watch?v=ro7b0VU-JSE
510,https://www.youtube.com/watch?v=2C1aZdyEwjY
511,https://www.youtube.com/watch?v=B1a3b5x1BOU
512,https://www.youtube.com/watch?v=h7mq1mrQIBQ
513,https://www.youtube.com/watch?v=2bcpGRs_e38
514,https://www.youtube.com/watch?v=386eMuIktek
515,https://www.youtube.com/watch?v=y6eCKIRsA64
516,https://www.youtube.com/watch?v=eO7Rj62Vkzc
517,https://www.youtube.com/watch?v=0uMqf-6eUo0
518,https://www.youtube.com/watch?v=9q3KC5I2CA0
519,https://www.youtube.com/watch?v=8Le6MeTvCAg
520,https://www.youtube.com/watch?v=PEZaNW4IhBs
521,https://www.youtube.com/watch?v=V47nLUCNGxI
522,https://www.youtube.com/watch?v=a_WtsUH6EWE
523,https://www.youtube.com/watch?v=16uTHwznnJk
524,https://www.youtube.com/watch?v=S1rb05Ix4ag
525,https://www.youtube.com/watch?v=S1cjmk6mTAw
526,https://www.youtube.com/watch?v=SX9LTfdA3co
527,https://www.youtube.com/watch?v=NQqWBnyQlS4
528,https://www.youtube.com/watch?v=qJMlIh-yTVU
529,https://www.youtube.com/watch?v=EWdb16ibgG8
530,https://www.youtube.com/watch?v=y3FFGl7wcnk
531,https://www.youtube.com/watch?v=jiWW6TjPVLw
532,https://www.youtube.com/watch?v=Tv0O2OGwyDM
533,https://www.youtube.com/watch?v=CbUI15z0xEA
534,https://www.youtube.com/watch?v=LVmBC9vmAn8
535,https://www.youtube.com/watch?v=JUF4-zPskhE
536,https://www.youtube.com/watch?v=Z2VzogS4IC4
537,https://www.youtube.com/watch?v=nGYVfPdRYew
538,https://www.youtube.com/watch?v=dxu7tJ70wM8
539,https://www.youtube.com/watch?v=DOel7oJctwk
540,https://www.youtube.com/watch?v=GcccwGMMRwc
541,https://www.youtube.com/watch?v=sbgYTWt4B2Y
542,https://www.youtube.com/watch?v=qwz5XVtbfSY
543,https://www.youtube.com/watch?v=9vyWIxcLjp4
544,https://www.youtube.com/watch?v=rPlYduWayMo
545,https://www.youtube.com/watch?v=LyXyEy7HTLQ
546,https://www.youtube.com/watch?v=AbaTpwRqThk
547,https://www.youtube.com/watch?v=fTpMjdmQb8Y
548,https://www.youtube.com/watch?v=74cIATCS0fM
549,https://www.youtube.com/watch?v=ekid9warHUo
550,https://www.youtube.com/watch?v=lMHP2lrtBJs
551,https://www.youtube.com/watch?v=UN8lnnyRSGc
552,https://www.youtube.com/watch?v=4ZguUOgVt80
553,https://www.youtube.com/watch?v=nMpW82FGHd4
554,https://www.youtube.com/watch?v=Rp26amGwgBI
555,https://www.youtube.com/watch?v=z7TxJ0VoVbg
556,https://www.youtube.com/watch?v=y9trGgqFu_k
557,https://www.youtube.com/watch?v=EHpsOFVWVA8
558,https://www.youtube.com/watch?v=IHfAj8DX8DQ
559,https://www.youtube.com/watch?v=Y5YYqQW88vw
560,https://www.youtube.com/watch?v=ayqF9ABp3bQ
561,https://www.youtube.com/watch?v=EcnFM7Ca4GI
562,https://www.youtube.com/watch?v=h-PFrI5NUB4
563,https://www.youtube.com/watch?v=dfe9cgLtDuA
564,https://www.youtube.com/watch?v=UFYt18KVqJM
565,https://www.youtube.com/watch?v=RgENuJsA1AE
566,https://www.youtube.com/watch?v=VKylwvdegv0
567,https://www.youtube.com/watch?v=B5tn1GPEQC8
568,https://www.youtube.com/watch?v=VV3qEaP-s_8
569,https://www.youtube.com/watch?v=HNE-Ctl52hw
570,https://www.youtube.com/watch?v=19m4MBYBnCs
571,https://www.youtube.com/watch?v=o2yujqUGCTw
572,https://www.youtube.com/watch?v=nYQLp7itZx8
573,https://www.youtube.com/watch?v=m7xlwfYAsLc
574,https://www.youtube.com/watch?v=U2W5RpZ6BMc
575,https://www.youtube.com/watch?v=H5wYeMzbsMM
576,https://www.youtube.com/watch?v=p5QQl8c80IQ
577,https://www.youtube.com/watch?v=DIFgwgbC-7c
578,https://www.youtube.com/watch?v=FBc__rhm6AY
579,https://www.youtube.com/watch?v=fSrWA098Kdw
580,https://www.youtube.com/watch?v=dTp6iCMEcng
581,https://www.youtube.com/watch?v=-E2nWT3LyOM
582,https://www.youtube.com/watch?v=4s4icB2bRx8
583,https://www.youtube.com/watch?v=9tI-H7rrrlA
584,https://www.youtube.com/watch?v=wLkkgEralhE
585,https://www.youtube.com/watch?v=LIbhiqWf9iU
586,https://www.youtube.com/watch?v=R5RrPJU_flc
587,https://www.youtube.com/watch?v=YceBpk01Gxs
588,https://www.youtube.com/watch?v=TaeDJB7UGM0
589,https://www.youtube.com/watch?v=vAH5M2UggXw
590,https://www.youtube.com/watch?v=FhOAQJluTIg
591,https://www.youtube.com/watch?v=BZk1z_f_la4
592,https://www.youtube.com/watch?v=WPGzCa1qwxM
593,https://www.youtube.com/watch?v=w42uqxGd7qM
594,https://www.youtube.com/watch?v=1CY7SXN6TJU
595,https://www.youtube.com/watch?v=fSHsUCXCeeI
596,https://www.youtube.com/watch?v=U6avi4IF_CU
597,https://www.youtube.com/watch?v=SWYuUwr1gvA
598,https://www.youtube.com/watch?v=dNGV4sLkOcA
599,https://www.youtube.com/watch?v=OJiCRSn9GTw
600,https://www.youtube.com/watch?v=A4xLsqv4R0E
601,https://www.youtube.com/watch?v=UMii2MVXKAA
602,https://www.youtube.com/watch?v=2Y7YtDL7tpc
603,https://www.youtube.com/watch?v=tBoKaYwyOp8
604,https://www.youtube.com/watch?v=I4UMh2-EWyk
605,https://www.youtube.com/watch?v=2O2JfqeHJR4
606,https://www.youtube.com/watch?v=r4Qf4kYHDdI
607,https://www.youtube.com/watch?v=IH0OSTp-5yc
608,https://www.youtube.com/watch?v=v4IudNlzKBY
609,https://www.youtube.com/watch?v=Egd2Yj2jIcE
610,https://www.youtube.com/watch?v=o_RdWYHgW0c
611,https://www.youtube.com/watch?v=nFxHnlFE5Qo
612,https://www.youtube.com/watch?v=qWZLgBIN1V4
613,https://www.youtube.com/watch?v=EwkVIZkP4LE
614,https://www.youtube.com/watch?v=joG3zZ4vLno
615,https://www.youtube.com/watch?v=LuYRvzL4i1k
616,https://www.youtube.com/watch?v=XEXZ7gR2UGM
617,https://www.youtube.com/watch?v=q6sU38nQiic
618,https://www.youtube.com/watch?v=etj_pTrjbCQ
619,https://www.youtube.com/watch?v=zRDQuu7jmto
620,https://www.youtube.com/watch?v=kifF-X3P8Xg
621,https://www.youtube.com/watch?v=86ucpw61VEk
622,https://www.youtube.com/watch?v=yCQjN8uaIp4
623,https://www.youtube.com/watch?v=lcfXDY33G7w
624,https://www.youtube.com/watch?v=7_ndUSAQHsQ
625,https://www.youtube.com/watch?v=4PTRG_XVllM
626,https://www.youtube.com/watch?v=rs8QIpVjO20
627,https://www.youtube.com/watch?v=71jCAObV_nU
628,https://www.youtube.com/watch?v=7iONKK8gleM
629,https://www.youtube.com/watch?v=yLDO_FH6hGY
630,https://www.youtube.com/watch?v=XaoF43cFCFQ
631,https://www.youtube.com/watch?v=arjywFPvf80
632,https://www.youtube.com/watch?v=clYQLJAXEtw
633,https://www.youtube.com/watch?v=LSCzMOcqgq8
634,https://www.youtube.com/watch?v=Wal2ZUsvye4
635,https://www.youtube.com/watch?v=RcDmuVO33I4
636,https://www.youtube.com/watch?v=1BTCoQ8Wi3w
637,https://www.youtube.com/watch?v=oO4ZGdq5YP0
638,https://www.youtube.com/watch?v=3rYQFu_cTZ4
639,https://www.youtube.com/watch?v=HobgiHhwRo8
640,https://www.youtube.com/watch?v=_uSlkT9943w
641,https://www.youtube.com/watch?v=PfySvVqHAWo
642,https://www.youtube.com/watch?v=ml7Mmz2ogXU
643,https://www.youtube.com/watch?v=wv4wPkv2ZXY
644,https://www.youtube.com/watch?v=Nb2kUlf-aj4
645,https://www.youtube.com/watch?v=EDav6TfAOUs
646,https://www.youtube.com/watch?v=wO5AI1oDGjQ
647,https://www.youtube.com/watch?v=t9rZrTxsFQs
648,https://www.youtube.com/watch?v=y_BP61zVdPI
649,https://www.youtube.com/watch?v=Ww3XclhuaaU
650,https://www.youtube.com/watch?v=Btoahpyw0tg
651,https://www.youtube.com/watch?v=vkTQpOr2BNc
652,https://www.youtube.com/watch?v=Niys6g6NFfw
653,https://www.youtube.com/watch?v=VhXPI4bydJU
654,https://www.youtube.com/watch?v=oIy1TFcg9v0
655,https://www.youtube.com/watch?v=roR8NOqZI68
656,https://www.youtube.com/watch?v=W18qOcqnzvk
657,https://www.youtube.com/watch?v=IyF0txjItOE
658,https://www.youtube.com/watch?v=x0XcfZ5JSY4
659,https://www.youtube.com/watch?v=QmHmvTCJhm0
660,https://www.youtube.com/watch?v=Kwb9DgWByjg
661,https://www.youtube.com/watch?v=0X1dmTO0RZQ
662,https://www.youtube.com/watch?v=Nz978rAYLRc
663,https://www.youtube.com/watch?v=_tuea3bsrPA
664,https://www.youtube.com/watch?v=XVhdpP2GtPQ
665,https://www.youtube.com/watch?v=cDxlzS69OrA
666,https://www.youtube.com/watch?v=djZlnuI5n-k
667,https://www.youtube.com/watch?v=lRb4Sny3vA8
668,https://www.youtube.com/watch?v=NynmSVBZNoA
669,https://www.youtube.com/watch?v=gAhnv28CNks
670,https://www.youtube.com/watch?v=-GDRXLEdmIg
671,https://www.youtube.com/watch?v=Y3FHuemoD5o
672,https://www.youtube.com/watch?v=uxDh4XX78gQ
673,https://www.youtube.com/watch?v=YuwiGgTTV3c
674,https://www.youtube.com/watch?v=WFvNenVaqug
675,https://www.youtube.com/watch?v=HfynzrkgI7M
676,https://www.youtube.com/watch?v=P8_IY6SPqLw
677,https://www.youtube.com/watch?v=7dFuJ6vkePw
678,https://www.youtube.com/watch?v=g2f1QaNxyMM
679,https://www.youtube.com/watch?v=JgSAuBJB5nA
680,https://www.youtube.com/watch?v=8MOBqj_9I1c
681,https://www.youtube.com/watch?v=ejaXm9LgmAM
682,https://www.youtube.com/watch?v=TPO7U26dTOg
683,https://www.youtube.com/watch?v=LB2t08yaVPE
684,https://www.youtube.com/watch?v=UZXNBOdkfXk
685,https://www.youtube.com/watch?v=xIEdw-ln2Kc
686,https://www.youtube.com/watch?v=ybwVaW018wg
687,https://www.youtube.com/watch?v=jAweyWeO2cM
688,https://www.youtube.com/watch?v=qkHD0o35vew
689,https://www.youtube.com/watch?v=qdbhCG-Yn74
690,https://www.youtube.com/watch?v=rNKLgqU_mu0
691,https://www.youtube.com/watch?v=-aInzmIEOk4
692,https://www.youtube.com/watch?v=I3d--zPQ7r4
693,https://www.youtube.com/watch?v=1sRgsEKlUr0
694,https://www.youtube.com/watch?v=NDG9lYbxP2U
695,https://www.youtube.com/watch?v=0_awX3g6DHw
696,https://www.youtube.com/watch?v=rJzPv3N4dL0
697,https://www.youtube.com/watch?v=PEhjnJZ4q9w
698,https://www.youtube.com/watch?v=9BCPmC4dz1M
699,https://www.youtube.com/watch?v=btTlBg45GDM
700,https://www.youtube.com/watch?v=ueR6b2As5Nc
701,https://www.youtube.com/watch?v=9klz_c7MPJ4
702,https://www.youtube.com/watch?v=CwduRwD_wZo
703,https://www.youtube.com/watch?v=TC0cmJK1cFo
704,https://www.youtube.com/watch?v=udfiSTZ3BoU
705,https://www.youtube.com/watch?v=D4dTBzZ4uC8
706,https://www.youtube.com/watch?v=sZ-eBznM71M
707,https://www.youtube.com/watch?v=16h-dDVJHXY
708,https://www.youtube.com/watch?v=Yk-srZUsfz4
709,https://www.youtube.com/watch?v=YJiQKYZE4Ug
710,https://www.youtube.com/watch?v=OOihIxbo0dE
711,https://www.youtube.com/watch?v=03gfVsJFPbQ
712,https://www.youtube.com/watch?v=ICoANuZrBOU
713,https://www.youtube.com/watch?v=LsUq8pditmA
714,https://www.youtube.com/watch?v=_lZvMTgEU00
715,https://www.youtube.com/watch?v=QXNGLAa-pVA
716,https://www.youtube.com/watch?v=Xu27kqmfi68
717,https://www.youtube.com/watch?v=jTGSyfvQoZ8
718,https://www.youtube.com/watch?v=4ZCs83_iHU8
719,https://www.youtube.com/watch?v=hgyow2noyLw
720,https://www.youtube.com/watch?v=HP9LgTfyo8w
721,https://www.youtube.com/watch?v=cU7BRQgvzlg
722,https://www.youtube.com/watch?v=lLZWVwMA5aM
723,https://www.youtube.com/watch?v=1Ee242FDFcc
724,https://www.youtube.com/watch?v=SttH1KaeWa8
725,https://www.youtube.com/watch?v=jFdEeJ-Ez1E
726,https://www.youtube.com/watch?v=urO5FyP9PoI
727,https://www.youtube.com/watch?v=PZ4tejm12bo
728,https://www.youtube.com/watch?v=jEEyM6sWDM4
729,https://www.youtube.com/watch?v=aMSLikoYpZM
730,https://www.youtube.com/watch?v=7RNLfyTbqgA
731,https://www.youtube.com/watch?v=amiJ26an2BM
732,https://www.youtube.com/watch?v=Bkyr37dtavI
733,https://www.youtube.com/watch?v=4prktbnqwl8
734,https://www.youtube.com/watch?v=l3CH8q4REqs
735,https://www.youtube.com/watch?v=l9H3LCuDHqM
736,https://www.youtube.com/watch?v=4_rp1ikvFKc
737,https://www.youtube.com/watch?v=hkO2QZJeT4c
738,https://www.youtube.com/watch?v=TmmsblJgpKU
739,https://www.youtube.com/watch?v=pxjIX7Yu8TA
740,https://www.youtube.com/watch?v=JNauRLlutuk
741,https://www.youtube.com/watch?v=ioPID2C5Zww
742,https://www.youtube.com/watch?v=j6mKieK5puE
743,https://www.youtube.com/watch?v=U0izPPxdj4M
744,https://www.youtube.com/watch?v=lwdJxIsduVc
745,https://www.youtube.com/watch?v=OKDwoc_nk_A
746,https://www.youtube.com/watch?v=1rBiGwi0TsY
747,https://www.youtube.com/watch?v=RkQ8NJsY3bo
748,https://www.youtube.com/watch?v=Dcq--ni0Q4U
749,https://www.youtube.com/watch?v=AnStMg-nCo4
750,https://www.youtube.com/watch?v=Ik8Hlcc6w_A
751,https://www.youtube.com/watch?v=MQsoKFLg_HU
752,https://www.youtube.com/watch?v=Ntylil23TlU
753,https://www.youtube.com/watch?v=rozMfB-vvIU
754,https://www.youtube.com/watch?v=zQzRfP95hBA
755,https://www.youtube.com/watch?v=ySTbWaVhVpA
756,https://www.youtube.com/watch?v=hB6PB2zkuzo
757,https://www.youtube.com/watch?v=HNUPmYj3Y44
758,https://www.youtube.com/watch?v=jgQ2lJikr9E
759,https://www.youtube.com/watch?v=_Hr6tmnw2To
760,https://www.youtube.com/watch?v=k2Hk2O_-ZYk
761,https://www.youtube.com/watch?v=7wsf87a3vg8
762,https://www.youtube.com/watch?v=Q1uwfktck3s
763,https://www.youtube.com/watch?v=gvAm88qrjB8
764,https://www.youtube.com/watch?v=UXD89QFg0tU
765,https://www.youtube.com/watch?v=E-ooJE_Qqko
766,https://www.youtube.com/watch?v=T-hJGlMg31s
767,https://www.youtube.com/watch?v=ARjGKH4_nlc
768,https://www.youtube.com/watch?v=LaQazzcy6W4
769,https://www.youtube.com/watch?v=ou2st6FYxR8
770,https://www.youtube.com/watch?v=3S4bZ3Ovnrk
771,https://www.youtube.com/watch?v=FAJaWAUTGOI
772,https://www.youtube.com/watch?v=WRv9KTnZMBk
773,https://www.youtube.com/watch?v=n77MUKM_Sgs
774,https://www.youtube.com/watch?v=gEvkZAgwPvs
775,https://www.youtube.com/watch?v=x0_a9tOpExc
776,https://www.youtube.com/watch?v=zXRwW_gy7J8
777,https://www.youtube.com/watch?v=ZHJ-BrKJ8A4
778,https://www.youtube.com/watch?v=u86VstOHrRQ
779,https://www.youtube.com/watch?v=9rqsSu_n5tE
780,https://www.youtube.com/watch?v=jI1pcAT6dAs
781,https://www.youtube.com/watch?v=42l-wTi7TEs
782,https://www.youtube.com/watch?v=6GXAJoEms8Y
783,https://www.youtube.com/watch?v=THq4nVnfTTY
784,https://www.youtube.com/watch?v=oLSDYr7hj9E
785,https://www.youtube.com/watch?v=CfEGXX_zDEc
786,https://www.youtube.com/watch?v=De2ceW9l7kQ
787,https://www.youtube.com/watch?v=7fk7oll13u4
788,https://www.youtube.com/watch?v=uR9-NLxLzg4
789,https://www.youtube.com/watch?v=bAP5F-etPVs
790,https://www.youtube.com/watch?v=_BN3Uy_f0-U
791,https://www.youtube.com/watch?v=qEs4Q4RqufE
792,https://www.youtube.com/watch?v=0Bj3iDqwYeM
793,https://www.youtube.com/watch?v=JpEMVt73OhI
794,https://www.youtube.com/watch?v=ByXfqPIPfQI
795,https://www.youtube.com/watch?v=ns-loJG-k5Q
796,https://www.youtube.com/watch?v=U1aNtjJzqAQ
797,https://www.youtube.com/watch?v=pB4YZBJmMl8
798,https://www.youtube.com/watch?v=aimEbeMqGgc
799,https://www.youtube.com/watch?v=qnlybCMy7lo
800,https://www.youtube.com/watch?v=c_XxaASckL0
801,https://www.youtube.com/watch?v=KEx7IW8w9S4
802,https://www.youtube.com/watch?v=_LFmtznIXAU
803,https://www.youtube.com/watch?v=Ijjlz286YUA
804,https://www.youtube.com/watch?v=lm21Mq8X-6s
805,https://www.youtube.com/watch?v=WdClRB_-Egs
806,https://www.youtube.com/watch?v=S8sQHgJ3qhQ
807,https://www.youtube.com/watch?v=gqR4pb2ImQM
808,https://www.youtube.com/watch?v=47csFc0Zptk
809,https://www.youtube.com/watch?v=IOXmrIYij_g
810,https://www.youtube.com/watch?v=LGQuV-O36yE
811,https://www.youtube.com/watch?v=79XUBoGh8aA
812,https://www.youtube.com/watch?v=uiDEP-0xUhY
813,https://www.youtube.com/watch?v=lsGgFxGwHlw
814,https://www.youtube.com/watch?v=zKlqbqwYSIs
815,https://www.youtube.com/watch?v=JgOHOSNwiCk
816,https://www.youtube.com/watch?v=GDTFda58RKM
817,https://www.youtube.com/watch?v=av3JYuy5Qj8
818,https://www.youtube.com/watch?v=BAY0dY4NePo
819,https://www.youtube.com/watch?v=amu6zp-R6Tc
820,https://www.youtube.com/watch?v=n2wgFTTZGps
821,https://www.youtube.com/watch?v=fG6_mpo7Og4
822,https://www.youtube.com/watch?v=1B1n38WmBm8
823,https://www.youtube.com/watch?v=1P8QMV5XPYc
824,https://www.youtube.com/watch?v=3_Gzi2vS-YE
825,https://www.youtube.com/watch?v=i4Id2pWIRPQ
826,https://www.youtube.com/watch?v=cYaK-X8KLQI
827,https://www.youtube.com/watch?v=mVFPWlF8TWk
828,https://www.youtube.com/watch?v=CJksYzO7zl0
829,https://www.youtube.com/watch?v=HAyOIeQG2gI
830,https://www.youtube.com/watch?v=v4vRYecKqDM
831,https://www.youtube.com/watch?v=4pLJcltWjfw
832,https://www.youtube.com/watch?v=VzvNuW7iKls
833,https://www.youtube.com/watch?v=pe2PgFVvtLs
834,https://www.youtube.com/watch?v=7Hms3EOImPw
835,https://www.youtube.com/watch?v=9irwQ17RCqY
836,https://www.youtube.com/watch?v=NF_KVbqHw7Q
837,https://www.youtube.com/watch?v=P8hQWdFvlOg
838,https://www.youtube.com/watch?v=Ab2vVTLuJWs
839,https://www.youtube.com/watch?v=hch4ydiAbAE
840,https://www.youtube.com/watch?v=dr-CGVz6x7I
841,https://www.youtube.com/watch?v=QOp30u5h6h8
842,https://www.youtube.com/watch?v=t_TXKgNaM4c
843,https://www.youtube.com/watch?v=z-PAO2WU1QQ
844,https://www.youtube.com/watch?v=rg8hleSlqZI
845,https://www.youtube.com/watch?v=zo7IoZ3g9mc
846,https://www.youtube.com/watch?v=DxniBWrgueA
847,https://www.youtube.com/watch?v=Ar025DqCGew
848,https://www.youtube.com/watch?v=B6mOmSL9Wiw
849,https://www.youtube.com/watch?v=2ht3KcfCe2U
850,https://www.youtube.com/watch?v=c9doPH13IK4
851,https://www.youtube.com/watch?v=3acCMbaNJxA
852,https://www.youtube.com/watch?v=rJ0klPKqVnk
853,https://www.youtube.com/watch?v=9erYadMYUzI
854,https://www.youtube.com/watch?v=Th8Vc6BkqFU
855,https://www.youtube.com/watch?v=KPQMRqiUp1Y
856,https://www.youtube.com/watch?v=6eRzgpMOG9A
857,https://www.youtube.com/watch?v=xpTYr0Qz7x0
858,https://www.youtube.com/watch?v=Hyd2KcQRXaM
859,https://www.youtube.com/watch?v=cnDb-lFFjaQ
860,https://www.youtube.com/watch?v=ivOPeDe8IDc
861,https://www.youtube.com/watch?v=EgqlqyPppxI
862,https://www.youtube.com/watch?v=BwtkzTaAse4
863,https://www.youtube.com/watch?v=1Gj9jlhMJiY
864,https://www.youtube.com/watch?v=zF9Aeu1u1xQ
865,https://www.youtube.com/watch?v=NmksuSFntqk
866,https://www.youtube.com/watch?v=GumfNoVqWlU
867,https://www.youtube.com/watch?v=UTaNrF12ako
868,https://www.youtube.com/watch?v=31lBDzP8MtA
869,https://www.youtube.com/watch?v=LlqigtcvtTw
870,https://www.youtube.com/watch?v=PuD8wq8pkQU
871,https://www.youtube.com/watch?v=SIDwj4mfbVQ
872,https://www.youtube.com/watch?v=zFAQDo7ahyE
873,https://www.youtube.com/watch?v=KzzPbuMsUKU
874,https://www.youtube.com/watch?v=UvPrb-CPPmo
875,https://www.youtube.com/watch?v=7sZaEVph_K4
876,https://www.youtube.com/watch?v=rb9Fu2hA9G0
877,https://www.youtube.com/watch?v=MvjhSDsai9U
878,https://www.youtube.com/watch?v=yOd2XegWgic
879,https://www.youtube.com/watch?v=iRE56fc9TLs
880,https://www.youtube.com/watch?v=FDRJq9ybFPI
881,https://www.youtube.com/watch?v=_DBVYEgr73E
882,https://www.youtube.com/watch?v=7NHj09myb5Q
883,https://www.youtube.com/watch?v=b0OiD68ytFY
884,https://www.youtube.com/watch?v=DRpW-FJgUTc
885,https://www.youtube.com/watch?v=XO-2AD_WJ5M
886,https://www.youtube.com/watch?v=V8j9GAYV3co
887,https://www.youtube.com/watch?v=Wc6qFI-URSM
888,https://www.youtube.com/watch?v=TXKXotzkygI
889,https://www.youtube.com/watch?v=Z3HkInTB1EM
890,https://www.youtube.com/watch?v=2Jis6hvkoQQ
891,https://www.youtube.com/watch?v=Oatm1WWmIHg
892,https://www.youtube.com/watch?v=3L89pVRZOx4
893,https://www.youtube.com/watch?v=NIzx3kVUAJk
894,https://www.youtube.com/watch?v=eA4_qMXnnd8
895,https://www.youtube.com/watch?v=P1uGbQ66S6U
896,https://www.youtube.com/watch?v=XCuknJAIX84
897,https://www.youtube.com/watch?v=jI0NdoPuWbY
898,https://www.youtube.com/watch?v=K7e9CHY9mwA
899,https://www.youtube.com/watch?v=8AbJSeKSI5w
900,https://www.youtube.com/watch?v=7Rx6x6_l-sI
901,https://www.youtube.com/watch?v=QYVrcWZfw_0
902,https://www.youtube.com/watch?v=C6I4qCwNutY
903,https://www.youtube.com/watch?v=eu7HBaPev7A
904,https://www.youtube.com/watch?v=eDRfKAKZMQE
905,https://www.youtube.com/watch?v=fAFoH71Q5F0
906,https://www.youtube.com/watch?v=UQTBJKFEinI
907,https://www.youtube.com/watch?v=oCV4teLlJeQ
908,https://www.youtube.com/watch?v=siPmZRTRki8
909,https://www.youtube.com/watch?v=91UrFqeOU9o
910,https://www.youtube.com/watch?v=rlS49b4gnfU
911,https://www.youtube.com/watch?v=SY4VdLV2oqY
912,https://www.youtube.com/watch?v=uyhIpGsMRRg
913,https://www.youtube.com/watch?v=CgnUfqeEAN0
914,https://www.youtube.com/watch?v=j3MTkvLS1PU
915,https://www.youtube.com/watch?v=hNBtQ7F42Is
916,https://www.youtube.com/watch?v=20YU_I1obtA
917,https://www.youtube.com/watch?v=aGmx74Sz3Zw
918,https://www.youtube.com/watch?v=bLqPKgcGcTc
919,https://www.youtube.com/watch?v=-940OSkB7gw
920,https://www.youtube.com/watch?v=b224wlItXjI
921,https://www.youtube.com/watch?v=nzBg23aTCAE
922,https://www.youtube.com/watch?v=b9Mp6bsC3EM
923,https://www.youtube.com/watch?v=dCCObITlSY0
924,https://www.youtube.com/watch?v=9I62Lae_qeI
925,https://www.youtube.com/watch?v=YuZj5vrwVgE
926,https://www.youtube.com/watch?v=H9KP9ulAz9o
927,https://www.youtube.com/watch?v=Eq94SGuC7Qo
928,https://www.youtube.com/watch?v=C_9OgkDWnLE
929,https://www.youtube.com/watch?v=QRSwDJAkuHw
930,https://www.youtube.com/watch?v=LRQuJtoIW_I
931,https://www.youtube.com/watch?v=m5SNd6pMJoA
932,https://www.youtube.com/watch?v=WSDo-N27vyU
933,https://www.youtube.com/watch?v=JwgxkGY-36Q
934,https://www.youtube.com/watch?v=H4zpuAdEtq8
935,https://www.youtube.com/watch?v=EeC6dITq3VE
936,https://www.youtube.com/watch?v=h9FQtMtL9_A
937,https://www.youtube.com/watch?v=Ay7-RyX9XPM
938,https://www.youtube.com/watch?v=kkABEle4V3M
939,https://www.youtube.com/watch?v=ROVFUIDbv_o
940,https://www.youtube.com/watch?v=L9yoWnmEEIQ
941,https://www.youtube.com/watch?v=0SHl5v7FT_I
942,https://www.youtube.com/watch?v=LOcCDbhfQdo
943,https://www.youtube.com/watch?v=h_H6a9513gE
944,https://www.youtube.com/watch?v=2_JttkCL4-E
945,https://www.youtube.com/watch?v=2b38TVg9ixg
946,https://www.youtube.com/watch?v=w0XZHOavqOM
947,https://www.youtube.com/watch?v=HNJ4G0pSCEQ
948,https://www.youtube.com/watch?v=vQdFD_a9vrU
949,https://www.youtube.com/watch?v=gvW_yvIkhh4
950,https://www.youtube.com/watch?v=l6X1EbrCswg
951,https://www.youtube.com/watch?v=EAvOFq3GZfk
952,https://www.youtube.com/watch?v=MI2jXuAGt5Y
953,https://www.youtube.com/watch?v=EKQI-ebtIao
954,https://www.youtube.com/watch?v=Dk_Ymci2QMA
955,https://www.youtube.com/watch?v=KmCRpCp25qM
956,https://www.youtube.com/watch?v=__iDEan55Xw
957,https://www.youtube.com/watch?v=N5Vb_w8WSD0
958,https://www.youtube.com/watch?v=NLAkrxcKNGY
959,https://www.youtube.com/watch?v=fUbgjo4qUBY
960,https://www.youtube.com/watch?v=J7WHEnA-Ygg
961,https://www.youtube.com/watch?v=Z5i_QHZjlAk
962,https://www.youtube.com/watch?v=9uuupfGmRq4
963,https://www.youtube.com/watch?v=PdV0ewIA110
964,https://www.youtube.com/watch?v=N9Kd-DVXzo0
965,https://www.youtube.com/watch?v=e_ccNhk6Is8
966,https://www.youtube.com/watch?v=bHN8enDcdfY
967,https://www.youtube.com/watch?v=QnLD9_K5PvE
968,https://www.youtube.com/watch?v=APOGvq7P2gY
969,https://www.youtube.com/watch?v=JytJjIOlD2o
970,https://www.youtube.com/watch?v=YnygzG5JE6E
971,https://www.youtube.com/watch?v=Y7125-Tb2jE
972,https://www.youtube.com/watch?v=8tv6_oedpjQ
973,https://www.youtube.com/watch?v=Hh_n9Sj692E
974,https://www.youtube.com/watch?v=2p5NSwUagZI
975,https://www.youtube.com/watch?v=IQ05VQxFcK0
976,https://www.youtube.com/watch?v=_FrysY0HgBY
977,https://www.youtube.com/watch?v=FrOcyTh4h5A
978,https://www.youtube.com/watch?v=Iu5mYkiSk9k
979,https://www.youtube.com/watch?v=keZURbOo4-M
980,https://www.youtube.com/watch?v=9sNgCiPnhZE
981,https://www.youtube.com/watch?v=juv8IOLLNnQ
982,https://www.youtube.com/watch?v=f9sKYbWFJ-8
983,https://www.youtube.com/watch?v=Ptl-Sl6virg
984,https://www.youtube.com/watch?v=BcoBSR9fQhY
985,https://www.youtube.com/watch?v=9aco2_lghBE
986,https://www.youtube.com/watch?v=89ShDNwfVj8
987,https://www.youtube.com/watch?v=j08YmrK3Vlg
988,https://www.youtube.com/watch?v=Hly-jmH8LHo
989,https://www.youtube.com/watch?v=7fk-4n294zQ
990,https://www.youtube.com/watch?v=of53lUFs5hc
991,https://www.youtube.com/watch?v=Quk1-LhG03E
992,https://www.youtube.com/watch?v=sbugBpKaD5Y
993,https://www.youtube.com/watch?v=pbad0Ppy6Mc
994,https://www.youtube.com/watch?v=LDMOcBm5ZC8
995,https://www.youtube.com/watch?v=IDsQCiOc-Cc
996,https://www.youtube.com/watch?v=pPdkgPEsLUY
997,https://www.youtube.com/watch?v=KuFFysqapXY
998,https://www.youtube.com/watch?v=BcgXw06lSIo
999,https://www.youtube.com/watch?v=spMcNWgAkfo
1000,https://www.youtube.com/watch?v=QGJbJAopX-s
1001,https://www.youtube.com/watch?v=hdZ7aOPvKjQ
1002,https://www.youtube.com/watch?v=i6X6oKJjx3g
1003,https://www.youtube.com/watch?v=WB--CkjKJMQ
1004,https://www.youtube.com/watch?v=_60Kf0SnuWQ
1005,https://www.youtube.com/watch?v=8jqQM3LPyyk
1006,https://www.youtube.com/watch?v=03eKjO-LZuY
1007,https://www.youtube.com/watch?v=aO5wjAJBkTU
1008,https://www.youtube.com/watch?v=sA3EY5Hq6-E
1009,https://www.youtube.com/watch?v=7R17L_PwvH8
1010,https://www.youtube.com/watch?v=REVkXVxvMQE
1011,https://www.youtube.com/watch?v=LO-OvQaBq8s
1012,https://www.youtube.com/watch?v=MNyDL_pt6eM
1013,https://www.youtube.com/watch?v=Q-TX5Dk7fNM
1014,https://www.youtube.com/watch?v=TARVxgI0w3Q
1015,https://www.youtube.com/watch?v=EtMUb__I8uM
1016,https://www.youtube.com/watch?v=33W7VuH9c34
1017,https://www.youtube.com/watch?v=59kUD2scTLI
1018,https://www.youtube.com/watch?v=mEQYuIrCh78
1019,https://www.youtube.com/watch?v=IgDEBW1ZF7Y
1020,https://www.youtube.com/watch?v=1JLs166lPcA
1021,https://www.youtube.com/watch?v=bL7wBbk0PIs
1022,https://www.youtube.com/watch?v=EQWUwU7XaUo
1023,https://www.youtube.com/watch?v=Gv_EQMqGJTg
1024,https://www.youtube.com/watch?v=xz69llHN8Xg
1025,https://www.youtube.com/watch?v=9efHbU11dHs
1026,https://www.youtube.com/watch?v=1Fn9E85-dYU
1027,https://www.youtube.com/watch?v=yYVPvUZkvKQ
1028,https://www.youtube.com/watch?v=93xB4nHRhPY
1029,https://www.youtube.com/watch?v=DztJafjFrLY
1030,https://www.youtube.com/watch?v=Q4FW-FyF7Mc
1031,https://www.youtube.com/watch?v=LSKa3as_S7I
1032,https://www.youtube.com/watch?v=fOJqHcTpQxs
1033,https://www.youtube.com/watch?v=60Kb70ci2M0
1034,https://www.youtube.com/watch?v=AbFr6Oz9KvM
1035,https://www.youtube.com/watch?v=m7aGQh8smPI
1036,https://www.youtube.com/watch?v=NvbSjOOcKjc
1037,https://www.youtube.com/watch?v=BHa015s-59s
1038,https://www.youtube.com/watch?v=_dbY73-Sz84
1039,https://www.youtube.com/watch?v=NB184T-S46w
1040,https://www.youtube.com/watch?v=LvomhcjYjIY
1041,https://www.youtube.com/watch?v=pvjsxc_MdIw
1042,https://www.youtube.com/watch?v=PhktsCAJwow
1043,https://www.youtube.com/watch?v=RSbhmVF_ccs
1044,https://www.youtube.com/watch?v=ai-wG7laIsI
1045,https://www.youtube.com/watch?v=cTZ_Z3KfLyE
1046,https://www.youtube.com/watch?v=LcIP86vjNps
1047,https://www.youtube.com/watch?v=duIqNsMjVE8
1048,https://www.youtube.com/watch?v=a5-drzYCTsY
1049,https://www.youtube.com/watch?v=PryTTPJA9l4
1050,https://www.youtube.com/watch?v=2g-o5div00s
1051,https://www.youtube.com/watch?v=soJnVAKQY_o
1052,https://www.youtube.com/watch?v=bYnTZ22TYnA
1053,https://www.youtube.com/watch?v=jwzRkV6Weao
1054,https://www.youtube.com/watch?v=2lC65ua8pDk
1055,https://www.youtube.com/watch?v=aPQVAiBAkTg
1056,https://www.youtube.com/watch?v=MsN8oDyh818
1057,https://www.youtube.com/watch?v=22eHl8A1uyM
1058,https://www.youtube.com/watch?v=jx1_oSl6Yow
1059,https://www.youtube.com/watch?v=W8ReehdtBDg
1060,https://www.youtube.com/watch?v=0QF3v2CZ7WY
1061,https://www.youtube.com/watch?v=SIVwxy0W4ls
1062,https://www.youtube.com/watch?v=XZgwVRZBsAg
1063,https://www.youtube.com/watch?v=alqm9mRKTVw
1064,https://www.youtube.com/watch?v=IUPB-a-MkGo
1065,https://www.youtube.com/watch?v=kmS_8Uq77tQ
1066,https://www.youtube.com/watch?v=a6g3QC9-KJI
1067,https://www.youtube.com/watch?v=4qDxwP7wIe8
1068,https://www.youtube.com/watch?v=jUHPq5a6VKM
1069,https://www.youtube.com/watch?v=zxCA_iXUJIE
1070,https://www.youtube.com/watch?v=GcaJ-aVLzr4
1071,https://www.youtube.com/watch?v=5Ko9CaY7zpQ
1072,https://www.youtube.com/watch?v=oHo-lQ79zf0
1073,https://www.youtube.com/watch?v=Cm1yd8d7qv0
1074,https://www.youtube.com/watch?v=mrs4TQwNo6g
1075,https://www.youtube.com/watch?v=m-j3InbbwIU
1076,https://www.youtube.com/watch?v=EVtD7OCUIac
1077,https://www.youtube.com/watch?v=W4BDB7M9t6M
1078,https://www.youtube.com/watch?v=1tdgxJJkbm8
1079,https://www.youtube.com/watch?v=QHJIljT5K6E
1080,https://www.youtube.com/watch?v=EffxEv5d0fU
1081,https://www.youtube.com/watch?v=0sXgfKDRjVc
1082,https://www.youtube.com/watch?v=hB7EadZeRGU
1083,https://www.youtube.com/watch?v=pbxSpeTOqyg
1084,https://www.youtube.com/watch?v=hR0ymkoGlOA
1085,https://www.youtube.com/watch?v=KUtEee0et-w
1086,https://www.youtube.com/watch?v=pRSEs9V6-4U
1087,https://www.youtube.com/watch?v=puH0ryVUrDc
1088,https://www.youtube.com/watch?v=fk75JDF4YW8
1089,https://www.youtube.com/watch?v=7XVf1cWAdQs
1090,https://www.youtube.com/watch?v=_9CdTRxVRSc
1091,https://www.youtube.com/watch?v=HN6C-vwxe6U
1092,https://www.youtube.com/watch?v=XQnApg9IQho
1093,https://www.youtube.com/watch?v=jQIqXVVYPE0
1094,https://www.youtube.com/watch?v=yFLyjSPzmh4
1095,https://www.youtube.com/watch?v=4I7kT1dEZFA
1096,https://www.youtube.com/watch?v=e3pkXJm2en0
1097,https://www.youtube.com/watch?v=90KCgPtEIKw
1098,https://www.youtube.com/watch?v=8PlVK4V-cxY
1099,https://www.youtube.com/watch?v=TFXoYQBHl4Q
1100,https://www.youtube.com/watch?v=4Z5cTwZPsBY
1101,https://www.youtube.com/watch?v=9rI1MDcHfqE
1102,https://www.youtube.com/watch?v=OSk1ePl2PUM
1103,https://www.youtube.com/watch?v=eMjaIeI82yI
1104,https://www.youtube.com/watch?v=bjSqauV1nGg
1105,https://www.youtube.com/watch?v=F14T-SGLCQQ
1106,https://www.youtube.com/watch?v=2nb2y_ZSdSo
1107,https://www.youtube.com/watch?v=L4uBlIxME-c
1108,https://www.youtube.com/watch?v=PlFcOJkKSLA
1109,https://www.youtube.com/watch?v=7b-YW8_ccaA
1110,https://www.youtube.com/watch?v=PtqACKJD1MM
1111,https://www.youtube.com/watch?v=c42GdbdsR4E
1112,https://www.youtube.com/watch?v=afFofnRSMAo
1113,https://www.youtube.com/watch?v=ZI-gEyZSV-8
1114,https://www.youtube.com/watch?v=mwgt97uQK5c
1115,https://www.youtube.com/watch?v=ocadAuzfSnE
1116,https://www.youtube.com/watch?v=OdTiRn5WPbA
1117,https://www.youtube.com/watch?v=oQPCxwmBiWo
1118,https://www.youtube.com/watch?v=qUp0qIeQDKI
1119,https://www.youtube.com/watch?v=lnoxoAsWguM
1120,https://www.youtube.com/watch?v=XlfFd9z5ows
1121,https://www.youtube.com/watch?v=-G8YmRJ__Q0
1122,https://www.youtube.com/watch?v=ZcvV_tQCU7Q
1123,https://www.youtube.com/watch?v=sOaOPnHlbKA
1124,https://www.youtube.com/watch?v=z3GuGTL7fHY
1125,https://www.youtube.com/watch?v=UuxLY87MqwU
1126,https://www.youtube.com/watch?v=k9YKGpvQPSU
1127,https://www.youtube.com/watch?v=qRu2-g6etiY
1128,https://www.youtube.com/watch?v=eAbPgyouAE4
1129,https://www.youtube.com/watch?v=HyG7MxMS5Qw
1130,https://www.youtube.com/watch?v=xcWysEpxz1Q
1131,https://www.youtube.com/watch?v=GM9bB4ytGao
1132,https://www.youtube.com/watch?v=QnozzFP_fPo
1133,https://www.youtube.com/watch?v=AfhJcyys108
1134,https://www.youtube.com/watch?v=6ttOWa8uWCU
1135,https://www.youtube.com/watch?v=DDoN37DUGo4
1136,https://www.youtube.com/watch?v=Gr3-RfWn49A
1137,https://www.youtube.com/watch?v=jhqUnShqS9Y
1138,https://www.youtube.com/watch?v=AOyDhP7T8kc
1139,https://www.youtube.com/watch?v=bV4do2JkdbY
1140,https://www.youtube.com/watch?v=fx5KefPFrJ8
1141,https://www.youtube.com/watch?v=Y1NQgtwcGgU
1142,https://www.youtube.com/watch?v=7U0HLL5f0dQ
1143,https://www.youtube.com/watch?v=Z6V242UPQSo
1144,https://www.youtube.com/watch?v=veLqJzZBJEw
1145,https://www.youtube.com/watch?v=pPBS-0TTQFg
1146,https://www.youtube.com/watch?v=NT2s2QiYodQ
1147,https://www.youtube.com/watch?v=LWw94LVhfLk
1148,https://www.youtube.com/watch?v=x6FkMFrjyF4
1149,https://www.youtube.com/watch?v=WVjss62XIG0
1150,https://www.youtube.com/watch?v=8kIHWMAu7JA
1151,https://www.youtube.com/watch?v=SIrdnDuS2bI
1152,https://www.youtube.com/watch?v=DSdopn00p-c
1153,https://www.youtube.com/watch?v=kGwGX6R70H4
1154,https://www.youtube.com/watch?v=MvIOXx6Dx74
1155,https://www.youtube.com/watch?v=BXdlG3VkJpg
1156,https://www.youtube.com/watch?v=ArhT4LRajVI
1157,https://www.youtube.com/watch?v=8TVBjMgDRCY
1158,https://www.youtube.com/watch?v=mnIZqyCFwVc
1159,https://www.youtube.com/watch?v=3Pq5mO0f-II
1160,https://www.youtube.com/watch?v=oLzoheRCK3c
1161,https://www.youtube.com/watch?v=1fTSB9rvcls
1162,https://www.youtube.com/watch?v=xpvafTZg0xA
1163,https://www.youtube.com/watch?v=2FDUhCFLp2M
1164,https://www.youtube.com/watch?v=8Tfe21Rp98s
1165,https://www.youtube.com/watch?v=--Ijc186Ix8
1166,https://www.youtube.com/watch?v=1JIK339dqL8
1167,https://www.youtube.com/watch?v=7LHXYKAu9Nk
1168,https://www.youtube.com/watch?v=tA2AkR6k7-s
1169,https://www.youtube.com/watch?v=9rL8O0lsuDc
1170,https://www.youtube.com/watch?v=GV3WCEsHRYI
1171,https://www.youtube.com/watch?v=9Lms9qBVa_E
1172,https://www.youtube.com/watch?v=9ejX6JWky6o
1173,https://www.youtube.com/watch?v=ncrART5vDfY
1174,https://www.youtube.com/watch?v=ess9Q6yCrd8
1175,https://www.youtube.com/watch?v=ImNSyjVGeIg
1176,https://www.youtube.com/watch?v=czHI66SCKlg
1177,https://www.youtube.com/watch?v=m3TSTSeRoD4
1178,https://www.youtube.com/watch?v=n6jwMY2BUxI
1179,https://www.youtube.com/watch?v=O-PMDOvFXOE
1180,https://www.youtube.com/watch?v=_-x-BvrkJIM
1181,https://www.youtube.com/watch?v=052tqeB8zCk
1182,https://www.youtube.com/watch?v=JqMMdYRDzkQ
1183,https://www.youtube.com/watch?v=QlnzpWcQ8fU
1184,https://www.youtube.com/watch?v=Sq9Js32nD3M
1185,https://www.youtube.com/watch?v=zcF35BpVUXQ
1186,https://www.youtube.com/watch?v=Ye7R963f7ps
1187,https://www.youtube.com/watch?v=l9Ml5RfSpJA
1188,https://www.youtube.com/watch?v=vFXQJ1Ba1kA
1189,https://www.youtube.com/watch?v=hIvNexwVYNw
1190,https://www.youtube.com/watch?v=LJKxgRDpsm0
1191,https://www.youtube.com/watch?v=ySxgzBdM2jM
1192,https://www.youtube.com/watch?v=SSjlUoFQdos
1193,https://www.youtube.com/watch?v=ZXxBDPPWwYc
1194,https://www.youtube.com/watch?v=HvTvy4G9uJk
1195,https://www.youtube.com/watch?v=bKzcu7xEU3E
1196,https://www.youtube.com/watch?v=Y2uylLK55tw
1197,https://www.youtube.com/watch?v=ndH6VZ1KFUg
1198,https://www.youtube.com/watch?v=c9PkqidyTLA
1199,https://www.youtube.com/watch?v=wUMKM-uLNfg
1200,https://www.youtube.com/watch?v=AsnXiGQ_Hi4
1201,https://www.youtube.com/watch?v=x34FuSLt0l8
1202,https://www.youtube.com/watch?v=5tuWnq_18Qw
1203,https://www.youtube.com/watch?v=NnZk0Nib6cg
1204,https://www.youtube.com/watch?v=0iDClYafuG0
1205,https://www.youtube.com/watch?v=27e9OCDUlxA
1206,https://www.youtube.com/watch?v=MSYxRH3Wdjk
1207,https://www.youtube.com/watch?v=1vIyOpK6UeY
1208,https://www.youtube.com/watch?v=hIG6uQsr8zM
1209,https://www.youtube.com/watch?v=zZZFqAX-PH0
1210,https://www.youtube.com/watch?v=UO0Sx4Eo3Kk
1211,https://www.youtube.com/watch?v=6RV3ayxG1CA
1212,https://www.youtube.com/watch?v=bRst2uuydf4
1213,https://www.youtube.com/watch?v=bIErDD2Hnhg
1214,https://www.youtube.com/watch?v=ShORQ629SoE
1215,https://www.youtube.com/watch?v=tKkWX-R51xM
1216,https://www.youtube.com/watch?v=Jt20dJo4X08
1217,https://www.youtube.com/watch?v=ouwh5ed5SdU
1218,https://www.youtube.com/watch?v=1DnYcEx7To8
1219,https://www.youtube.com/watch?v=nEIJmH6FIjs
1220,https://www.youtube.com/watch?v=zFy4h_0CRjc
1221,https://www.youtube.com/watch?v=_f5QmaZN1yY
1222,https://www.youtube.com/watch?v=hadvEvP-1yw
1223,https://www.youtube.com/watch?v=Flvybau0xZo
1224,https://www.youtube.com/watch?v=4q8JklXN7kA
1225,https://www.youtube.com/watch?v=ULTvrdJfm88
1226,https://www.youtube.com/watch?v=aeVJeeO2Vgc
1227,https://www.youtube.com/watch?v=NgfcYXCVQic
1228,https://www.youtube.com/watch?v=aW4nE2o9QzA
1229,https://www.youtube.com/watch?v=ZdywgUlGHt4
1230,https://www.youtube.com/watch?v=SGH_5x3kfdw
1231,https://www.youtube.com/watch?v=gTH9djk-fG0
1232,https://www.youtube.com/watch?v=r8x7Fd0n3oQ
1233,https://www.youtube.com/watch?v=hlhbUeoCPio
1234,https://www.youtube.com/watch?v=T5dZB6TZBeE
1235,https://www.youtube.com/watch?v=9uhUXEOLnfQ
1236,https://www.youtube.com/watch?v=gmdaDNPvBxg
1237,https://www.youtube.com/watch?v=GKJgDqeN8OM
1238,https://www.youtube.com/watch?v=DkkkDdVdWyc
1239,https://www.youtube.com/watch?v=BQUxjPqeb10
1240,https://www.youtube.com/watch?v=QLHfWOLoCBs
1241,https://www.youtube.com/watch?v=0ug7Cpswjio
1242,https://www.youtube.com/watch?v=tX2OiKcIOok
1243,https://www.youtube.com/watch?v=ncKreSy1oYk
1244,https://www.youtube.com/watch?v=o_aaWqlIJgI
1245,https://www.youtube.com/watch?v=h-PEyFskbts
1246,https://www.youtube.com/watch?v=hvuU0zPdH78
1247,https://www.youtube.com/watch?v=_6zdEHmjEDI
1248,https://www.youtube.com/watch?v=BfPDZf2wmqg
1249,https://www.youtube.com/watch?v=O8waU4Vhcrs
1250,https://www.youtube.com/watch?v=lkFi84wX3Do
1251,https://www.youtube.com/watch?v=hKndQ2qF5ts
1252,https://www.youtube.com/watch?v=0p4jBOXNgc8
1253,https://www.youtube.com/watch?v=uRM4YYoSfOU
1254,https://www.youtube.com/watch?v=Bg94HS_4Rlw
1255,https://www.youtube.com/watch?v=kj_DyFKFzSI
1256,https://www.youtube.com/watch?v=7gshgqfxfzA
1257,https://www.youtube.com/watch?v=cc16ClXGuYQ
1258,https://www.youtube.com/watch?v=eg3R0JZxvys
1259,https://www.youtube.com/watch?v=N4gnNLTBWLM
1260,https://www.youtube.com/watch?v=zRlSk59KTAI
1261,https://www.youtube.com/watch?v=JSfW3e2Cxcs
1262,https://www.youtube.com/watch?v=UO6MtEnuBDw
1263,https://www.youtube.com/watch?v=WPpbiFjP_t8
1264,https://www.youtube.com/watch?v=sFHRAyScCw8
1265,https://www.youtube.com/watch?v=TxI7CVBboM4
1266,https://www.youtube.com/watch?v=CbvqA0dtnrk
1267,https://www.youtube.com/watch?v=_gzHomt9aLE
1268,https://www.youtube.com/watch?v=NwU6MnNCvHY
1269,https://www.youtube.com/watch?v=WWzwPQEHCu0
1270,https://www.youtube.com/watch?v=36H4sLjdfeA
1271,https://www.youtube.com/watch?v=ZjqDSUnp4Ok
1272,https://www.youtube.com/watch?v=7f2Tdn94JhY
1273,https://www.youtube.com/watch?v=e1-afdzb6AY
1274,https://www.youtube.com/watch?v=6Vu5A6oQVqI
1275,https://www.youtube.com/watch?v=zrVf-Z_tw1g
1276,https://www.youtube.com/watch?v=a1Hce03GvVU
1277,https://www.youtube.com/watch?v=VShG7GFrZlo
1278,https://www.youtube.com/watch?v=Q-hjnIjY3NU
1279,https://www.youtube.com/watch?v=J7BNKV2Lqy0
1280,https://www.youtube.com/watch?v=NS4NfkRql40
1281,https://www.youtube.com/watch?v=1QqOzHR1Mj0
1282,https://www.youtube.com/watch?v=R9B1cnY_TM8
1283,https://www.youtube.com/watch?v=rzJwbSTzpF4
1284,https://www.youtube.com/watch?v=rLZn2MINvH4
1285,https://www.youtube.com/watch?v=9X4sVt9fi9s
1286,https://www.youtube.com/watch?v=E0N138ThyMI
1287,https://www.youtube.com/watch?v=-JwZabvMn-Q
1288,https://www.youtube.com/watch?v=JMpDIqnkywE
1289,https://www.youtube.com/watch?v=bPM9hVorPSM
1290,https://www.youtube.com/watch?v=5wluUfomasg
1291,https://www.youtube.com/watch?v=-rM8EHLmsjg
1292,https://www.youtube.com/watch?v=3yKcJ7pmzyQ
1293,https://www.youtube.com/watch?v=vZi-Ca9QBME
1294,https://www.youtube.com/watch?v=cup2OyTfrBM
1295,https://www.youtube.com/watch?v=WwTskkSJJoQ
1296,https://www.youtube.com/watch?v=aJpSd9ISzk8
1297,https://www.youtube.com/watch?v=GKt7XIPo2zU
1298,https://www.youtube.com/watch?v=opr_S9KruD0
1299,https://www.youtube.com/watch?v=Er_v84b7KoY
1300,https://www.youtube.com/watch?v=3tWTCbrE5ls
1301,https://www.youtube.com/watch?v=e9aoQ9xOmoU
1302,https://www.youtube.com/watch?v=Nb9tSFVrQuc
1303,https://www.youtube.com/watch?v=VxrxXzcEzec
1304,https://www.youtube.com/watch?v=Sz2C618QKN8
1305,https://www.youtube.com/watch?v=oALqiXDAYhc
1306,https://www.youtube.com/watch?v=xXLto-RJtYc
1307,https://www.youtube.com/watch?v=aZNtHJwfIVg
1308,https://www.youtube.com/watch?v=ayj5iLJHvII
1309,https://www.youtube.com/watch?v=j6uP-WxvU7k
1310,https://www.youtube.com/watch?v=As-uSx77u20
1311,https://www.youtube.com/watch?v=OlTtBG6mQbc
1312,https://www.youtube.com/watch?v=rmfgRKPjhl8
1313,https://www.youtube.com/watch?v=Rlh9PkHinAs
1314,https://www.youtube.com/watch?v=dW6JsFccdkM
1315,https://www.youtube.com/watch?v=SNIApX51X4U
1316,https://www.youtube.com/watch?v=fIjQ1__Z2Ww
1317,https://www.youtube.com/watch?v=0qGCBtwhD68
1318,https://www.youtube.com/watch?v=LSGRTee81RY
1319,https://www.youtube.com/watch?v=hdKK8zlUuxI
1320,https://www.youtube.com/watch?v=4JG27RFQSaQ
1321,https://www.youtube.com/watch?v=rQTximyaETA
1322,https://www.youtube.com/watch?v=8yWhuUnPapw
1323,https://www.youtube.com/watch?v=7vWEqm2evdw
1324,https://www.youtube.com/watch?v=Mk1QYLOeq3s
1325,https://www.youtube.com/watch?v=6aBsPquK-kg
1326,https://www.youtube.com/watch?v=aTBFg6h23Yw
1327,https://www.youtube.com/watch?v=CR4z0mWbM-Y
1328,https://www.youtube.com/watch?v=qgeEbI8gqe4
1329,https://www.youtube.com/watch?v=HssYGmcoMrA
1330,https://www.youtube.com/watch?v=KsAb8QHClNg
1331,https://www.youtube.com/watch?v=O-usTPepZks
1332,https://www.youtube.com/watch?v=_Qdhouvx-Qw
1333,https://www.youtube.com/watch?v=IHZDBDlMbwY
1334,https://www.youtube.com/watch?v=t1Nr5C5TAYs
1335,https://www.youtube.com/watch?v=iQlbFBjP0wI
1336,https://www.youtube.com/watch?v=6RWK3e_-hbk
1337,https://www.youtube.com/watch?v=oE8tdw_11Wo
1338,https://www.youtube.com/watch?v=e8UfOHJngQA
1339,https://www.youtube.com/watch?v=eQWbm2xycYA
1340,https://www.youtube.com/watch?v=W5bnLcGmJVc
1341,https://www.youtube.com/watch?v=NlT21Ceg3y0
1342,https://www.youtube.com/watch?v=M1P1IlQdb5M
1343,https://www.youtube.com/watch?v=RrtNB0Ajzas
1344,https://www.youtube.com/watch?v=I-vveNN1X2c
1345,https://www.youtube.com/watch?v=qWCYIXMXWXI
1346,https://www.youtube.com/watch?v=bHjxKZUsQDs
1347,https://www.youtube.com/watch?v=AMrXgoB3iBg
1348,https://www.youtube.com/watch?v=TomnIoeVGIg
1349,https://www.youtube.com/watch?v=yEN6TCL8WGk
1350,https://www.youtube.com/watch?v=UkeVuoVZCGo
1351,https://www.youtube.com/watch?v=b1Yr2nHNS4M
1352,https://www.youtube.com/watch?v=h0ntbAg0J-w
1353,https://www.youtube.com/watch?v=V1DTBjetIfk
1354,https://www.youtube.com/watch?v=Kv_HP6C2qes
1355,https://www.youtube.com/watch?v=oanP2HYLIbQ
1356,https://www.youtube.com/watch?v=4wUZXK8KuUc
1357,https://www.youtube.com/watch?v=dvCpCZMnLsU
1358,https://www.youtube.com/watch?v=Rdl0OpM0q3s
1359,https://www.youtube.com/watch?v=KjINhGbG-So
1360,https://www.youtube.com/watch?v=l76udM3wB4U
1361,https://www.youtube.com/watch?v=Rx531XbhFrk
1362,https://www.youtube.com/watch?v=D5KivMI-obI
1363,https://www.youtube.com/watch?v=rPC71lUhK_I
1364,https://www.youtube.com/watch?v=V7zPe_jmNiw
1365,https://www.youtube.com/watch?v=_FIrp84K7xE
1366,https://www.youtube.com/watch?v=yhYxpxwdqKM
1367,https://www.youtube.com/watch?v=yJxyHwD_b8s
1368,https://www.youtube.com/watch?v=77iJU0B7bqg
1369,https://www.youtube.com/watch?v=g8DTqguvcwc
1370,https://www.youtube.com/watch?v=ho6Y6nMpNk0
1371,https://www.youtube.com/watch?v=Iq518iZXxA4
1372,https://www.youtube.com/watch?v=mdNJFTUiuA8
1373,https://www.youtube.com/watch?v=MUsvRbOnrNY
1374,https://www.youtube.com/watch?v=qDvbDZXrNvw
1375,https://www.youtube.com/watch?v=JJ6qGQlWlJE
1376,https://www.youtube.com/watch?v=N6RRyvILBPk
1377,https://www.youtube.com/watch?v=SA7kEms_Scs
1378,https://www.youtube.com/watch?v=gHY9cBGPWTA
1379,https://www.youtube.com/watch?v=po2JtANQGDs
1380,https://www.youtube.com/watch?v=gRQhCUiIh2I
1381,https://www.youtube.com/watch?v=Rt3adW6PGAc
1382,https://www.youtube.com/watch?v=0-1A7f8993M
1383,https://www.youtube.com/watch?v=BEy-fI4TgDo
1384,https://www.youtube.com/watch?v=cdJCpp3Xgc0
1385,https://www.youtube.com/watch?v=daCe6r-bbBk
1386,https://www.youtube.com/watch?v=J-J90uwugb4
1387,https://www.youtube.com/watch?v=4rSQ1uejQqg
1388,https://www.youtube.com/watch?v=bBlc6F4I1-g
1389,https://www.youtube.com/watch?v=OGGQ4-OG8Fk
1390,https://www.youtube.com/watch?v=i_suTDfQJ8U
1391,https://www.youtube.com/watch?v=CK-QCYAFmx0
1392,https://www.youtube.com/watch?v=aWqQNDi7p9I
1393,https://www.youtube.com/watch?v=HM4nPUH6gS0
1394,https://www.youtube.com/watch?v=_PrAE7Cx4qc
1395,https://www.youtube.com/watch?v=QkQLIDFlkyc
1396,https://www.youtube.com/watch?v=G9T_9AyYaWM
1397,https://www.youtube.com/watch?v=BxFIvEjBT98
1398,https://www.youtube.com/watch?v=PpiO0S-OQS0
1399,https://www.youtube.com/watch?v=y10Bt7OkCRM
1400,https://www.youtube.com/watch?v=QilEgDYxieU
1401,https://www.youtube.com/watch?v=yajZMJ2DKBE
1402,https://www.youtube.com/watch?v=Y0KA5U81w3U
1403,https://www.youtube.com/watch?v=4jlK88WXm8I
1404,https://www.youtube.com/watch?v=EaCFxDxhtsI
1405,https://www.youtube.com/watch?v=X6PyPTShLmM
1406,https://www.youtube.com/watch?v=8GQCTQX34no
1407,https://www.youtube.com/watch?v=aMPm4Zo58E4
1408,https://www.youtube.com/watch?v=w64Z419MDIk
1409,https://www.youtube.com/watch?v=iDf6SdhT758
1410,https://www.youtube.com/watch?v=cT4xEhssz0U
1411,https://www.youtube.com/watch?v=la2orTKxynw
1412,https://www.youtube.com/watch?v=xMsx5pS_VNo
1413,https://www.youtube.com/watch?v=NS5NQRCqmW4
1414,https://www.youtube.com/watch?v=b2mYiUFhRgM
1415,https://www.youtube.com/watch?v=IrWnUFXjeMQ
1416,https://www.youtube.com/watch?v=F1bWm_puNjQ
1417,https://www.youtube.com/watch?v=FH_jqmInca0
1418,https://www.youtube.com/watch?v=fPH-WJ-kEpY
1419,https://www.youtube.com/watch?v=k8Gu6GMbBtQ
1420,https://www.youtube.com/watch?v=Ob6DfEZxnTs
1421,https://www.youtube.com/watch?v=pBSWNd4gx3U
1422,https://www.youtube.com/watch?v=tvSgRX9_vP4
1423,https://www.youtube.com/watch?v=F19kdD5bc7c
1424,https://www.youtube.com/watch?v=YC0HIaby_zA
1425,https://www.youtube.com/watch?v=sZhQMeP6Al4
1426,https://www.youtube.com/watch?v=cjxzBmpBq5Q
1427,https://www.youtube.com/watch?v=gcU-QBhr1xk
1428,https://www.youtube.com/watch?v=sNqp0IZQkB0
1429,https://www.youtube.com/watch?v=x5PBXX1CZQs
1430,https://www.youtube.com/watch?v=LEbqyZVTLiI
1431,https://www.youtube.com/watch?v=RGj3LphYEAM
1432,https://www.youtube.com/watch?v=MzGkfIfSrko
1433,https://www.youtube.com/watch?v=zySO3URq-TU
1434,https://www.youtube.com/watch?v=u4YYuQ-Zook
1435,https://www.youtube.com/watch?v=5aiMpVse-6o
1436,https://www.youtube.com/watch?v=hRpmIeJjx-Y
1437,https://www.youtube.com/watch?v=Uf7_vNaScrc
1438,https://www.youtube.com/watch?v=fI4Ze_I6OjE
1439,https://www.youtube.com/watch?v=0A2tCTXYoG4
1440,https://www.youtube.com/watch?v=Zep2DGbiVVE
1441,https://www.youtube.com/watch?v=iFgCvCOJeAo
1442,https://www.youtube.com/watch?v=JValprxgn0w
1443,https://www.youtube.com/watch?v=xH4XCOyF_SI
1444,https://www.youtube.com/watch?v=_aQAV1iSheo
1445,https://www.youtube.com/watch?v=nCnR6wRo8x4
1446,https://www.youtube.com/watch?v=u1yZrGLdR40
1447,https://www.youtube.com/watch?v=sF_36fX5jFo
1448,https://www.youtube.com/watch?v=lpqvv36SBQw
1449,https://www.youtube.com/watch?v=JeI0SU0y-uw
1450,https://www.youtube.com/watch?v=3DmpW3SosSM
1451,https://www.youtube.com/watch?v=xOOUw-NtWz8
1452,https://www.youtube.com/watch?v=HpDeZfbijnA
1453,https://www.youtube.com/watch?v=ixuFA43t6Bg
1454,https://www.youtube.com/watch?v=GU6jup9nJ6I
1455,https://www.youtube.com/watch?v=eY1qp26ooy0
1456,https://www.youtube.com/watch?v=Vh4sppn8FSE
1457,https://www.youtube.com/watch?v=V-YDpoMLnTI
1458,https://www.youtube.com/watch?v=55uB_t0RKTE
1459,https://www.youtube.com/watch?v=MxOJW7X8GHs
1460,https://www.youtube.com/watch?v=WJ9mzg0AWlM
1461,https://www.youtube.com/watch?v=HL_lKpurMkk
1462,https://www.youtube.com/watch?v=0EmZjheYv-U
1463,https://www.youtube.com/watch?v=xmr4ewFLpYg
1464,https://www.youtube.com/watch?v=tbs1LKHeEaY
1465,https://www.youtube.com/watch?v=UmBP-jz7CBc
1466,https://www.youtube.com/watch?v=cgv6nb5Tf1k
1467,https://www.youtube.com/watch?v=gKoOHR0_Roc
1468,https://www.youtube.com/watch?v=pMjwgKqMzi8
1469,https://www.youtube.com/watch?v=APC1vptFJoU
1470,https://www.youtube.com/watch?v=zRYxJvjB0jQ
1471,https://www.youtube.com/watch?v=DT45yIeSuGs
1472,https://www.youtube.com/watch?v=l9I-zuPCve0
1473,https://www.youtube.com/watch?v=gMpfBt_lXrE
1474,https://www.youtube.com/watch?v=dKqExECpirU
1475,https://www.youtube.com/watch?v=fiQzHVY-kRQ
1476,https://www.youtube.com/watch?v=e2IDCn_MtBs
1477,https://www.youtube.com/watch?v=7aVCyb3ST9E
1478,https://www.youtube.com/watch?v=FumVRosqNk4
1479,https://www.youtube.com/watch?v=uX4-KrNtYRU
1480,https://www.youtube.com/watch?v=VS11NdNClHE
1481,https://www.youtube.com/watch?v=e6TyoP2WRQk
1482,https://www.youtube.com/watch?v=UixTSyGfAxU
1483,https://www.youtube.com/watch?v=QKu8FoqOXsw
1484,https://www.youtube.com/watch?v=mTCqQ2e08Q8
1485,https://www.youtube.com/watch?v=c8mqFkuN78E
1486,https://www.youtube.com/watch?v=EDg_hkz95-Q
1487,https://www.youtube.com/watch?v=7aON114bXxA
1488,https://www.youtube.com/watch?v=NSaYAPiJc-M
1489,https://www.youtube.com/watch?v=rpsMh2DfNok
1490,https://www.youtube.com/watch?v=LzkLF3Fsy0E
1491,https://www.youtube.com/watch?v=Y4Er0sXWsDo
1492,https://www.youtube.com/watch?v=YdIWjNXSELM
1493,https://www.youtube.com/watch?v=-l-XomsfYKg
1494,https://www.youtube.com/watch?v=J8ebUUZkWxk
1495,https://www.youtube.com/watch?v=257GarPLym4
1496,https://www.youtube.com/watch?v=xfg1dEKdIHI
1497,https://www.youtube.com/watch?v=-IAalFGuty0
1498,https://www.youtube.com/watch?v=RVW82edra_w
1499,https://www.youtube.com/watch?v=7sMctFYXW8U
1500,https://www.youtube.com/watch?v=_1jkUtr6Cpo
1501,https://www.youtube.com/watch?v=QB1aVGXXCKs
1502,https://www.youtube.com/watch?v=nz5CgHK-890
1503,https://www.youtube.com/watch?v=BXD4XZ6Qg64
1504,https://www.youtube.com/watch?v=oKh-HGEW54Y
1505,https://www.youtube.com/watch?v=gBi_xQJYe5E
1506,https://www.youtube.com/watch?v=LXU1KrJ9Zok
1507,https://www.youtube.com/watch?v=316uRGqUUfo
1508,https://www.youtube.com/watch?v=fkOdfaFd-7k
1509,https://www.youtube.com/watch?v=HjWmTccLtNo
1510,https://www.youtube.com/watch?v=uLu2w8JxMKo
1511,https://www.youtube.com/watch?v=t1Mn178sEYg
1512,https://www.youtube.com/watch?v=RW1EZztfKIE
1513,https://www.youtube.com/watch?v=mqO6SM56l88
1514,https://www.youtube.com/watch?v=scTszmVj-VM
1515,https://www.youtube.com/watch?v=-pGC7rQ187o
1516,https://www.youtube.com/watch?v=SxSLUyETV9I
1517,https://www.youtube.com/watch?v=gayXC2FDSiA
1518,https://www.youtube.com/watch?v=Q1huNry5u0I
1519,https://www.youtube.com/watch?v=Kw2wxJYu8IU
1520,https://www.youtube.com/watch?v=jaex3DuugxA
1521,https://www.youtube.com/watch?v=y5GtnoFg6os
1522,https://www.youtube.com/watch?v=wacLhco04kY
1523,https://www.youtube.com/watch?v=WZQzJG3eBJw
1524,https://www.youtube.com/watch?v=5d4wh2wBxCU
1525,https://www.youtube.com/watch?v=1hgdoS8ICVc
1526,https://www.youtube.com/watch?v=jiE3wsrVUQs
1527,https://www.youtube.com/watch?v=U1t2DPYy8QE
1528,https://www.youtube.com/watch?v=ddMMQc-clGg
1529,https://www.youtube.com/watch?v=Y7n_a7fK3VM
1530,https://www.youtube.com/watch?v=jur4UpKMvvo
1531,https://www.youtube.com/watch?v=c1P2PQTUpxQ
1532,https://www.youtube.com/watch?v=2RZJmVKJBCw
1533,https://www.youtube.com/watch?v=7-Wtec8allU
1534,https://www.youtube.com/watch?v=2kjm7vYZwxE
1535,https://www.youtube.com/watch?v=uCkPAQxSqLA
1536,https://www.youtube.com/watch?v=0_WlWVpYYBI
1537,https://www.youtube.com/watch?v=T3eDYUv0NnQ
1538,https://www.youtube.com/watch?v=VIhJR4hiU2I
1539,https://www.youtube.com/watch?v=Yf0OuVWaKTM
1540,https://www.youtube.com/watch?v=_CQehnb6A6o
1541,https://www.youtube.com/watch?v=dqrlotzdUlo
1542,https://www.youtube.com/watch?v=H0CynPXVvvk
1543,https://www.youtube.com/watch?v=UMF_pFGg45U
1544,https://www.youtube.com/watch?v=hE57XJVEeGE
1545,https://www.youtube.com/watch?v=6uTggNtrRY4
1546,https://www.youtube.com/watch?v=PbcKqkY6sqw
1547,https://www.youtube.com/watch?v=WDPiuMnUHfM
1548,https://www.youtube.com/watch?v=ATkB-LQR0eY
1549,https://www.youtube.com/watch?v=o6wueyweC34
1550,https://www.youtube.com/watch?v=687-Em4wONs
1551,https://www.youtube.com/watch?v=CqEV4bqEpC0
1552,https://www.youtube.com/watch?v=cBFCb172vLU
1553,https://www.youtube.com/watch?v=wTBpl-TEkT8
1554,https://www.youtube.com/watch?v=Xmmc2JJ8-T8
1555,https://www.youtube.com/watch?v=7By0hsUj3nU
1556,https://www.youtube.com/watch?v=t1-yLGXeUh8
1557,https://www.youtube.com/watch?v=C7GRr7iXwBw
1558,https://www.youtube.com/watch?v=8TRvAW80Dx4
1559,https://www.youtube.com/watch?v=VHL4zO7XgVc
1560,https://www.youtube.com/watch?v=cdjbgDNXkss
1561,https://www.youtube.com/watch?v=KkxU05Bq0CM
1562,https://www.youtube.com/watch?v=mi8lh1_Ecmw
1563,https://www.youtube.com/watch?v=WnZlYjiaf4Q
1564,https://www.youtube.com/watch?v=tc6mU8t--fM
1565,https://www.youtube.com/watch?v=CbWtBYsMMyM
1566,https://www.youtube.com/watch?v=ptCC5gwgzso
1567,https://www.youtube.com/watch?v=eUPZsUk2mGc
1568,https://www.youtube.com/watch?v=YooGWHAE42E
1569,https://www.youtube.com/watch?v=BPrW9yvEG3I
1570,https://www.youtube.com/watch?v=ODkWte3HDAo
1571,https://www.youtube.com/watch?v=nJ3vaFCkP0g
1572,https://www.youtube.com/watch?v=2XbNhAJ9wh0
1573,https://www.youtube.com/watch?v=kSZHFlBDIfM
1574,https://www.youtube.com/watch?v=7hDbxf22a4U
1575,https://www.youtube.com/watch?v=tbLMrkflfwg
1576,https://www.youtube.com/watch?v=vmiKJC9YIcY
1577,https://www.youtube.com/watch?v=xcpo7BrJIv8
1578,https://www.youtube.com/watch?v=oXziS-PPIUA
1579,https://www.youtube.com/watch?v=fkD1agLtQ4I
1580,https://www.youtube.com/watch?v=g0quwa_qu5Y
1581,https://www.youtube.com/watch?v=3f0wjGL_PWM
1582,https://www.youtube.com/watch?v=XmMsJS3-tOs
1583,https://www.youtube.com/watch?v=Wx03Yu8EKpI
1584,https://www.youtube.com/watch?v=qvJ7V33NfsA
1585,https://www.youtube.com/watch?v=BKHHaSjFb8A
1586,https://www.youtube.com/watch?v=JaATpaGDNh4
1587,https://www.youtube.com/watch?v=qXn5K6V7MT8
1588,https://www.youtube.com/watch?v=tbyf7_LmLTM
1589,https://www.youtube.com/watch?v=j5fM7Qrgb0o
1590,https://www.youtube.com/watch?v=SvwIqzaoYMo
1591,https://www.youtube.com/watch?v=uuTL321Oyto
1592,https://www.youtube.com/watch?v=oMTmG4ClO5I
1593,https://www.youtube.com/watch?v=chdw9y_-8sk
1594,https://www.youtube.com/watch?v=BN5T8IimB78
1595,https://www.youtube.com/watch?v=pW9boJoUxO0
1596,https://www.youtube.com/watch?v=iMpiQsfnR8I
1597,https://www.youtube.com/watch?v=1TSBXZMv6tc
1598,https://www.youtube.com/watch?v=BKjvhMtHR9g
1599,https://www.youtube.com/watch?v=-7pz06m4k1E
1600,https://www.youtube.com/watch?v=6xwT_Byw3UY
1601,https://www.youtube.com/watch?v=DWYuPVKiDEc
1602,https://www.youtube.com/watch?v=7Si--BLrN94
1603,https://www.youtube.com/watch?v=wFZTcKeeMjE
1604,https://www.youtube.com/watch?v=YFCWIrMSe3k
1605,https://www.youtube.com/watch?v=8j2H0vnQEoQ
1606,https://www.youtube.com/watch?v=k5czriMq_Cs
1607,https://www.youtube.com/watch?v=YE9qU6nXY5I
1608,https://www.youtube.com/watch?v=W_RZJ1T7NpI
1609,https://www.youtube.com/watch?v=jwhAlNgjvMA
1610,https://www.youtube.com/watch?v=B27XVBoccp8
1611,https://www.youtube.com/watch?v=D7zgPJCEs9k
1612,https://www.youtube.com/watch?v=kjT8SLL5j90
1613,https://www.youtube.com/watch?v=BjcKsieQ2r4
1614,https://www.youtube.com/watch?v=WyeGQT6QZ_w
1615,https://www.youtube.com/watch?v=Xda5dgtzPb8
1616,https://www.youtube.com/watch?v=wdFYEuWWpzo
1617,https://www.youtube.com/watch?v=9n6SaxpBTPw
1618,https://www.youtube.com/watch?v=MF9LxIYCmAk
1619,https://www.youtube.com/watch?v=OVweE--RJqM
1620,https://www.youtube.com/watch?v=5r7Mi_jZ5iM
1621,https://www.youtube.com/watch?v=T2KBAZ01GYo
1622,https://www.youtube.com/watch?v=mrK7DpGfGDg
1623,https://www.youtube.com/watch?v=dDC95tosixQ
1624,https://www.youtube.com/watch?v=WUnScaOIoN0
1625,https://www.youtube.com/watch?v=lb90EBfAj0o
1626,https://www.youtube.com/watch?v=ZJKl0_urMTw
1627,https://www.youtube.com/watch?v=GSfam8De7K0
1628,https://www.youtube.com/watch?v=iTsrKo-nRQ8
1629,https://www.youtube.com/watch?v=Z7N6YWH1MKU
1630,https://www.youtube.com/watch?v=hbW52yGdjMg
1631,https://www.youtube.com/watch?v=dk6eSOvi6Tc
1632,https://www.youtube.com/watch?v=hChuX0K70q0
1633,https://www.youtube.com/watch?v=kyCaemeEBm4
1634,https://www.youtube.com/watch?v=4eknt_PLwO0
1635,https://www.youtube.com/watch?v=U8ZGVx1NmQg
1636,https://www.youtube.com/watch?v=BlSLe9d_t3w
1637,https://www.youtube.com/watch?v=EOlhWryUUOg
1638,https://www.youtube.com/watch?v=5hVogEL3CGY
1639,https://www.youtube.com/watch?v=z3Tvjf0buc8
1640,https://www.youtube.com/watch?v=wjbneOk_Vf0
1641,https://www.youtube.com/watch?v=9KcgAmfwT3w
1642,https://www.youtube.com/watch?v=cUGm9nLyeTc
1643,https://www.youtube.com/watch?v=0ilk_EZGzBY
1644,https://www.youtube.com/watch?v=ANLZsH52kBA
1645,https://www.youtube.com/watch?v=0FO81O-nTrc
1646,https://www.youtube.com/watch?v=jZND2WYT4GE
1647,https://www.youtube.com/watch?v=dkXq66zSXPk
1648,https://www.youtube.com/watch?v=45KZU9C3rsE
1649,https://www.youtube.com/watch?v=XiSttbnpnSw
1650,https://www.youtube.com/watch?v=1d7g7wi3TnA
1651,https://www.youtube.com/watch?v=xkwMT1InC_s
1652,https://www.youtube.com/watch?v=QfElj7A12Rw
1653,https://www.youtube.com/watch?v=xQkI2GAWzJo
1654,https://www.youtube.com/watch?v=daCFX4ZAA3w
1655,https://www.youtube.com/watch?v=uHTjKIiO-RM
1656,https://www.youtube.com/watch?v=KKidU8cq7ts
1657,https://www.youtube.com/watch?v=-RVkuPTdZdE
1658,https://www.youtube.com/watch?v=VkkyRL2gGSY
1659,https://www.youtube.com/watch?v=AaJS-DGBQX4
1660,https://www.youtube.com/watch?v=phrzW4VXjFo
1661,https://www.youtube.com/watch?v=nsdZM1N-sbY
1662,https://www.youtube.com/watch?v=IBpK2cYmY-A
1663,https://www.youtube.com/watch?v=0G_df7mfT1Y
1664,https://www.youtube.com/watch?v=wHqWK0wtdf4
1665,https://www.youtube.com/watch?v=xujB8UC6OXc
1666,https://www.youtube.com/watch?v=YBzxuS2rej8
1667,https://www.youtube.com/watch?v=f-5OHy0Knxc
1668,https://www.youtube.com/watch?v=juZ3fyXGjW4
1669,https://www.youtube.com/watch?v=RmXvaevNxx4
1670,https://www.youtube.com/watch?v=9w1rearI8rE
1671,https://www.youtube.com/watch?v=bXo_AFI83qI
1672,https://www.youtube.com/watch?v=WrpAV95SeL0
1673,https://www.youtube.com/watch?v=mCFFH1Bh9T4
1674,https://www.youtube.com/watch?v=wmIGrScRkFw
1675,https://www.youtube.com/watch?v=pkoqfI7DxAE
1676,https://www.youtube.com/watch?v=evU_j5zbHhw
1677,https://www.youtube.com/watch?v=yjgJeJi77kA
1678,https://www.youtube.com/watch?v=hbo4yxQXf2Y
1679,https://www.youtube.com/watch?v=O2fb6SzfIRA
1680,https://www.youtube.com/watch?v=cXNpb81TRlk
1681,https://www.youtube.com/watch?v=jZhtBTW0894
1682,https://www.youtube.com/watch?v=hYcJHUolfOM
1683,https://www.youtube.com/watch?v=hSfffNZevYM
1684,https://www.youtube.com/watch?v=FYvKISjZxvA
1685,https://www.youtube.com/watch?v=ZYn9gv3jJpo
1686,https://www.youtube.com/watch?v=b6EF0QkZYNo
1687,https://www.youtube.com/watch?v=AGF3J3vRQnw
1688,https://www.youtube.com/watch?v=FYDAz0MOAi4
1689,https://www.youtube.com/watch?v=wXeapR0M9DA
1690,https://www.youtube.com/watch?v=SHl18WvnHgo
1691,https://www.youtube.com/watch?v=4N6qA2Nbd1k
1692,https://www.youtube.com/watch?v=zSNfm5Mj38U
1693,https://www.youtube.com/watch?v=axL__Mc8juU
1694,https://www.youtube.com/watch?v=OkU1uJnQpuo
1695,https://www.youtube.com/watch?v=7oeFkX71TRo
1696,https://www.youtube.com/watch?v=hnOplI3Ajew
1697,https://www.youtube.com/watch?v=SZ5LlHKyQ3s
1698,https://www.youtube.com/watch?v=TpCXMFmZlac
1699,https://www.youtube.com/watch?v=t0xzrvlJFIo
1700,https://www.youtube.com/watch?v=9OhcGe3jNwg
1701,https://www.youtube.com/watch?v=EDSF6qyXeiQ
1702,https://www.youtube.com/watch?v=MuvF_tZvtB0
1703,https://www.youtube.com/watch?v=_Wqqzcbnylg
1704,https://www.youtube.com/watch?v=U0l6FbiBsyQ
1705,https://www.youtube.com/watch?v=SeSrmVOHxac
1706,https://www.youtube.com/watch?v=HZ7InrtyD8o
1707,https://www.youtube.com/watch?v=0ehanigGQ8A
1708,https://www.youtube.com/watch?v=TK2ZdkS4O0Y
1709,https://www.youtube.com/watch?v=QvbpA23hcoc
1710,https://www.youtube.com/watch?v=A9SygPRIEmw
1711,https://www.youtube.com/watch?v=M7YqmUkwT6k
1712,https://www.youtube.com/watch?v=GByyBvf0Tts
1713,https://www.youtube.com/watch?v=OR9DbbEbU5c
1714,https://www.youtube.com/watch?v=Bt3n2I2WqmY
1715,https://www.youtube.com/watch?v=GT_DrjtGtaU
1716,https://www.youtube.com/watch?v=pnkUBZmmoF4
1717,https://www.youtube.com/watch?v=n4pfiX4mN5o
1718,https://www.youtube.com/watch?v=7TGER_nt3uY
1719,https://www.youtube.com/watch?v=gM2qHam5nH8
1720,https://www.youtube.com/watch?v=64Q0PTYg5f4
1721,https://www.youtube.com/watch?v=hBPcC4C6_nI
1722,https://www.youtube.com/watch?v=C9NozZ9LsVM
1723,https://www.youtube.com/watch?v=aua9yzcENgI
1724,https://www.youtube.com/watch?v=x5acQQ40Te0
1725,https://www.youtube.com/watch?v=7vwo0oT98qE
1726,https://www.youtube.com/watch?v=_U0EAUSgpqo
1727,https://www.youtube.com/watch?v=S2bgO4vctVU
1728,https://www.youtube.com/watch?v=e-bwtTKIURc
1729,https://www.youtube.com/watch?v=H7qRIb_1lqY
1730,https://www.youtube.com/watch?v=8e1lph5KB2k
1731,https://www.youtube.com/watch?v=9JfxRjgToag
1732,https://www.youtube.com/watch?v=tAlu3ud2k_A
1733,https://www.youtube.com/watch?v=dskhubU7dbk
1734,https://www.youtube.com/watch?v=lQTnYwKGLoo
1735,https://www.youtube.com/watch?v=eP3QCED8Hx8
1736,https://www.youtube.com/watch?v=5hE0d6hyj1Q
1737,https://www.youtube.com/watch?v=P_2qCZGj430
1738,https://www.youtube.com/watch?v=gp5rQq7QHyI
1739,https://www.youtube.com/watch?v=SX7Ib9n0nbU
1740,https://www.youtube.com/watch?v=RS2e_Sh7i4A
1741,https://www.youtube.com/watch?v=ByLA5PbNdvg
1742,https://www.youtube.com/watch?v=HpECrAg792I
1743,https://www.youtube.com/watch?v=dO1UHr-lzzw
1744,https://www.youtube.com/watch?v=GlJQh_yzstc
1745,https://www.youtube.com/watch?v=SzmGXxLJwmo
1746,https://www.youtube.com/watch?v=8beqLvRFYpw
1747,https://www.youtube.com/watch?v=QAjkTkmM4gU
1748,https://www.youtube.com/watch?v=bTJ8vP7T5ks
1749,https://www.youtube.com/watch?v=o1YIw8zqIVE
1750,https://www.youtube.com/watch?v=_BzoSOBrBM4
1751,https://www.youtube.com/watch?v=NpuZTSPfqBQ
1752,https://www.youtube.com/watch?v=S20XMQyvANY
1753,https://www.youtube.com/watch?v=YliwZB7Rv5g
1754,https://www.youtube.com/watch?v=50ifNtFAUXg
1755,https://www.youtube.com/watch?v=60E2WV4iwIg
1756,https://www.youtube.com/watch?v=i8xZKv2y2zY
1757,https://www.youtube.com/watch?v=gqCqurf79bM
1758,https://www.youtube.com/watch?v=xHyeG0nBd-o
1759,https://www.youtube.com/watch?v=7beIWWFXcp0
1760,https://www.youtube.com/watch?v=3CvwVTCgK0Y
1761,https://www.youtube.com/watch?v=uU0WVur2rU0
1762,https://www.youtube.com/watch?v=_b2U6KN6K_Q
1763,https://www.youtube.com/watch?v=ukvVVMhJACE
1764,https://www.youtube.com/watch?v=k47aC01Uy64
1765,https://www.youtube.com/watch?v=pcA-22Md1qU
1766,https://www.youtube.com/watch?v=CS4EzYFoxAo
1767,https://www.youtube.com/watch?v=DG5j542b3b8
1768,https://www.youtube.com/watch?v=W1I4AB5eaho
1769,https://www.youtube.com/watch?v=pFRCdi0CvJA
1770,https://www.youtube.com/watch?v=1BNHcksGUzg
1771,https://www.youtube.com/watch?v=KFfXn-T2bYA
1772,https://www.youtube.com/watch?v=q0OU1nyQ1bQ
1773,https://www.youtube.com/watch?v=E0TqYQ6thAg
1774,https://www.youtube.com/watch?v=AH9G1j0wX9s
1775,https://www.youtube.com/watch?v=RIWuA_K7_GY
1776,https://www.youtube.com/watch?v=TGVQBweR4AM
1777,https://www.youtube.com/watch?v=NO3C-CWykkY
1778,https://www.youtube.com/watch?v=NH6WoJHN4UA
1779,https://www.youtube.com/watch?v=U2VWd4fcSwM
1780,https://www.youtube.com/watch?v=EeFm3yFVzr8
1781,https://www.youtube.com/watch?v=-dCeFEqDkUI
1782,https://www.youtube.com/watch?v=YvJQNQdrKFA
1783,https://www.youtube.com/watch?v=5Tl8WcaqZoc
1784,https://www.youtube.com/watch?v=xY6P5H7ZU6k
1785,https://www.youtube.com/watch?v=am3GTFg2ORk
1786,https://www.youtube.com/watch?v=BVMx24dtko0
1787,https://www.youtube.com/watch?v=0XXAFS1MT_c
1788,https://www.youtube.com/watch?v=-YPXFMjGtDc
1789,https://www.youtube.com/watch?v=LvPoIsH0Ya4
1790,https://www.youtube.com/watch?v=EhDkFq5n83k
1791,https://www.youtube.com/watch?v=KQaPVZco4h4
1792,https://www.youtube.com/watch?v=2Xu0t_rZgLo
1793,https://www.youtube.com/watch?v=6KEvLURBenM
1794,https://www.youtube.com/watch?v=OApN-I7k44c
1795,https://www.youtube.com/watch?v=b6R2__3RiGQ
1796,https://www.youtube.com/watch?v=cYZxT1Sn2qA
1797,https://www.youtube.com/watch?v=qDq0C7mDRhs
1798,https://www.youtube.com/watch?v=Ym-W0dpAt3o
1799,https://www.youtube.com/watch?v=jFJh1PnWSuM
1800,https://www.youtube.com/watch?v=XNwXca-_75c
1801,https://www.youtube.com/watch?v=4__ni4aC8gI
1802,https://www.youtube.com/watch?v=GNAKDBy_K-U
1803,https://www.youtube.com/watch?v=LFBbJVy1TUs
1804,https://www.youtube.com/watch?v=dbNzAD4gOaY
1805,https://www.youtube.com/watch?v=nrwIYyygBec
1806,https://www.youtube.com/watch?v=qEWvPL_ELkQ
1807,https://www.youtube.com/watch?v=2xtALAfLL5U
1808,https://www.youtube.com/watch?v=99GO-aeK20s
1809,https://www.youtube.com/watch?v=JqzJmBnHED8
1810,https://www.youtube.com/watch?v=L-GdmyswaFU
1811,https://www.youtube.com/watch?v=R9Vdm2ZqlpQ
1812,https://www.youtube.com/watch?v=bKFiLeyCVzE
1813,https://www.youtube.com/watch?v=RG2ZEkai50o
1814,https://www.youtube.com/watch?v=UicHDhsQKIw
1815,https://www.youtube.com/watch?v=W04oRS1i2yo
1816,https://www.youtube.com/watch?v=X786c-SbW6w
1817,https://www.youtube.com/watch?v=kGY8FVQc9E4
1818,https://www.youtube.com/watch?v=tYtyoYcd_e8
1819,https://www.youtube.com/watch?v=Ew_e6wxTzmw
1820,https://www.youtube.com/watch?v=Iowq7n_-NJg
1821,https://www.youtube.com/watch?v=Mf0OxgPtWoQ
1822,https://www.youtube.com/watch?v=kVHdMD-XT9s
1823,https://www.youtube.com/watch?v=6z7sqrn4T6U
1824,https://www.youtube.com/watch?v=G52Mkt7gmzQ
1825,https://www.youtube.com/watch?v=Foj2tzq84DY
1826,https://www.youtube.com/watch?v=RczfZoLh3GM
1827,https://www.youtube.com/watch?v=lFIsrSTU_5M
1828,https://www.youtube.com/watch?v=b_0Iuc3zUN4
1829,https://www.youtube.com/watch?v=xr9bIdazTRc
1830,https://www.youtube.com/watch?v=3JMhX1sT98U
1831,https://www.youtube.com/watch?v=dlRL-3XZvHs
1832,https://www.youtube.com/watch?v=4o4yzcSeqfM
1833,https://www.youtube.com/watch?v=OKM5mlOrA9s
1834,https://www.youtube.com/watch?v=r43bAUu2Y5g
1835,https://www.youtube.com/watch?v=5u4eT1OgB88
1836,https://www.youtube.com/watch?v=a_gv_gQydY8
1837,https://www.youtube.com/watch?v=HkFC9GZZ-VQ
1838,https://www.youtube.com/watch?v=Umdl3Ppx1PI
1839,https://www.youtube.com/watch?v=_CIo_3TwN-c
1840,https://www.youtube.com/watch?v=nraKBgDkzDM
1841,https://www.youtube.com/watch?v=ey4BvPDgBZE
1842,https://www.youtube.com/watch?v=WzxfKeL2c_o
1843,https://www.youtube.com/watch?v=oruQUYLSkz4
1844,https://www.youtube.com/watch?v=4AQ1zOWB95c
1845,https://www.youtube.com/watch?v=dCM7fRb49Ts
1846,https://www.youtube.com/watch?v=5oEXF-cGq_Y
1847,https://www.youtube.com/watch?v=TQm0jbMHbdo
1848,https://www.youtube.com/watch?v=LpmWgCOP4kQ
1849,https://www.youtube.com/watch?v=6evgeAl549o
1850,https://www.youtube.com/watch?v=7BPbaApIOrc
1851,https://www.youtube.com/watch?v=9K8CXF93xiQ
1852,https://www.youtube.com/watch?v=DjDdtysAkiY
1853,https://www.youtube.com/watch?v=Eaeo67TeLpo
1854,https://www.youtube.com/watch?v=LAHJUcGXmZA
1855,https://www.youtube.com/watch?v=rx6equl2X7Q
1856,https://www.youtube.com/watch?v=0teVUF9NCdU
1857,https://www.youtube.com/watch?v=Ahe8rcyAdbI
1858,https://www.youtube.com/watch?v=Atz8fVxrIZ4
1859,https://www.youtube.com/watch?v=ckkSs06qdJk
1860,https://www.youtube.com/watch?v=jX9PBbPUoRY
1861,https://www.youtube.com/watch?v=-dV-ToosfRY
1862,https://www.youtube.com/watch?v=Eu2OcMJByhs
1863,https://www.youtube.com/watch?v=QgnVVIw1JzI
1864,https://www.youtube.com/watch?v=i0R9Aek4wYk
1865,https://www.youtube.com/watch?v=joMOA0iQVVQ
1866,https://www.youtube.com/watch?v=xzPVPkK86zs
1867,https://www.youtube.com/watch?v=HzDKDqOgMMY
1868,https://www.youtube.com/watch?v=TAer-PeIypI
1869,https://www.youtube.com/watch?v=W85aNBQlmx8
1870,https://www.youtube.com/watch?v=Hs4O17kjQXA
1871,https://www.youtube.com/watch?v=fZ5NMQAcjNc
1872,https://www.youtube.com/watch?v=ugL01gRYQw4
1873,https://www.youtube.com/watch?v=IRTgsxL9V8g
1874,https://www.youtube.com/watch?v=Nkd6Ei-xuxI
1875,https://www.youtube.com/watch?v=2IjIMCJbLhc
1876,https://www.youtube.com/watch?v=4avlODtVqCU
1877,https://www.youtube.com/watch?v=eGgWj_OcR0M
1878,https://www.youtube.com/watch?v=0PiBh98_X9k
1879,https://www.youtube.com/watch?v=ujimD6MP87I
1880,https://www.youtube.com/watch?v=Tpj-Tspum98
1881,https://www.youtube.com/watch?v=kM2NWM0t-2s
1882,https://www.youtube.com/watch?v=xm_t47dOc4E
1883,https://www.youtube.com/watch?v=3Yn587XTNA4
1884,https://www.youtube.com/watch?v=8hOI8DJ5i_k
1885,https://www.youtube.com/watch?v=AeNufTq1W5I
1886,https://www.youtube.com/watch?v=KnQoNJJ4k8I
1887,https://www.youtube.com/watch?v=a2YXWV6jmYU
1888,https://www.youtube.com/watch?v=Go3P73-KV30
1889,https://www.youtube.com/watch?v=rHpOsSA1a1k
1890,https://www.youtube.com/watch?v=iZBYQwAChqQ
1891,https://www.youtube.com/watch?v=XSBbnfmA1AA
1892,https://www.youtube.com/watch?v=_D19h5s73Co
1893,https://www.youtube.com/watch?v=m3L9lpgsPRE
1894,https://www.youtube.com/watch?v=Eh_79goBRUk
1895,https://www.youtube.com/watch?v=78r0MgH0u0w
1896,https://www.youtube.com/watch?v=1mhT8WLgi1g
